kind,date,address,zaak,id,title
aanvraag,2026-01-09,mr. p.n. arntzeniusweg 108-1 1098gt amsterdam,,gmb-2026-8691,Aanvraag onttrekkingsvergunning van woonruimte voor een tweede woning Mr. P.N. Arntzeniusweg 108-1 1098GT Amsterdam
aanvraag,2026-01-09,omval 123 1096aa amsterdam,,gmb-2026-8901,Aanvraag onttrekkingsvergunning van woonruimte voor een tweede woning Omval 123 1096AA Amsterdam
aanvraag,2026-01-09,middenweg 30-1 1097bn amsterdam,,gmb-2026-9266,Aanvraag onttrekkingsvergunning van woonruimte voor een tweede woning Middenweg 30-1 1097BN Amsterdam
aanvraag,2026-01-09,bogortuin 25 1019pe amsterdam,,gmb-2026-8807,Aanvraag onttrekkingsvergunning van woonruimte voor een tweede woning Bogortuin 25 1019PE Amsterdam
aanvraag,2026-01-09,eerste oosterparkstraat 133a 1091gz amsterdam,,gmb-2026-8878,Aanvraag onttrekkingsvergunning van woonruimte voor een tweede woning Eerste Oosterparkstraat 133A 1091GZ Amsterdam
aanvraag,2026-01-09,zacharias jansestraat 1-3 1097ch amsterdam,,gmb-2026-8923,Aanvraag onttrekkingsvergunning van woonruimte voor een tweede woning Zacharias Jansestraat 1-3 1097CH Amsterdam
aanvraag,2026-01-09,carolina macgillavrylaan 498 1098xb amsterdam,,gmb-2026-9674,Aanvraag onttrekkingsvergunning van woonruimte voor een tweede woning Carolina MacGillavrylaan 498 1098XB Amsterdam
aanvraag,2026-01-09,zeeburgerkade 320 1019hn amsterdam,,gmb-2026-8943,Aanvraag onttrekkingsvergunning van woonruimte voor een tweede woning Zeeburgerkade 320 1019HN Amsterdam
aanvraag,2026-01-09,knsm-laan 641 1019lh amsterdam,,gmb-2026-8836,Aanvraag onttrekkingsvergunning van woonruimte voor een tweede woning KNSM-laan 641 1019LH Amsterdam
aanvraag,2026-01-12,zeeburgerkade 456 1019hp amsterdam,,gmb-2026-11937,Aanvraag onttrekkingsvergunning van woonruimte voor een tweede woning Zeeburgerkade 456 1019HP Amsterdam
aanvraag,2026-01-12,cas oorthuyskade 314 1087dp amsterdam,,gmb-2026-11982,Aanvraag onttrekkingsvergunning van woonruimte voor een tweede woning Cas Oorthuyskade 314 1087DP Amsterdam
aanvraag,2026-01-12,geschutswerf 79 1018aw amsterdam,,gmb-2026-11609,Aanvraag onttrekkingsvergunning van woonruimte voor een tweede woning Geschutswerf 79 1018AW Amsterdam
verleend,2026-01-12,geschutswerf 79 1018aw amsterdam,,gmb-2026-12034,Besluit onttrekkingsvergunning van woonruimte voor een tweede woning verleend Geschutswerf 79 1018AW Amsterdam
verleend,2026-01-12,bogortuin 25 1019pe amsterdam,,gmb-2026-11902,Besluit onttrekkingsvergunning van woonruimte voor een tweede woning verleend Bogortuin 25 1019PE Amsterdam
verleend,2026-01-12,mr. p.n. arntzeniusweg 108-1 1098gt amsterdam,,gmb-2026-10297,Besluit onttrekkingsvergunning van woonruimte voor een tweede woning verleend Mr. P.N. Arntzeniusweg 108-1 1098GT Amsterdam
aanvraag,2026-01-14,rademakerstraat 638 1096gs amsterdam,,gmb-2026-14245,Aanvraag onttrekkingsvergunning van woonruimte voor een tweede woning Rademakerstraat 638 1096GS Amsterdam
aanvraag,2026-01-14,oostelijke handelskade 1197 1019dn amsterdam,,gmb-2026-14189,Aanvraag onttrekkingsvergunning van woonruimte voor een tweede woning Oostelijke Handelskade 1197 1019DN Amsterdam
aanvraag,2026-01-14,panamalaan 20 1019az amsterdam,,gmb-2026-14120,Aanvraag onttrekkingsvergunning van woonruimte voor een tweede woning Panamalaan 20 1019AZ Amsterdam
aanvraag,2026-01-14,madurastraat 54-3 1094gp amsterdam,,gmb-2026-14235,Aanvraag onttrekkingsvergunning van woonruimte voor een tweede woning Madurastraat 54-3 1094GP Amsterdam
aanvraag,2026-01-14,bella vistastraat 268 1096gm amsterdam,,gmb-2026-14135,Aanvraag onttrekkingsvergunning van woonruimte voor een tweede woning Bella Vistastraat 268 1096GM Amsterdam
aanvraag,2026-01-14,pieter oosterhuisstraat 28 1087ht amsterdam,,gmb-2026-14211,Aanvraag onttrekkingsvergunning van woonruimte voor een tweede woning Pieter Oosterhuisstraat 28 1087HT Amsterdam
aanvraag,2026-01-14,welnastraat 519 1096gj amsterdam,,gmb-2026-14256,Aanvraag onttrekkingsvergunning van woonruimte voor een tweede woning Welnastraat 519 1096GJ Amsterdam
aanvraag,2026-01-14,"overhoeksparklaan 274, 1031kc amsterdam",,gmb-2026-14738,"Aanvraag onttrekkingsvergunning van woonruimte voor een tweede woning Overhoeksparklaan 274, 1031KC Amsterdam"
aanvraag,2026-01-15,utrechtsedwarsstraat 70b 1017wh amsterdam,,gmb-2026-18020,Aanvraag onttrekkingsvergunning van woonruimte voor een tweede woning Utrechtsedwarsstraat 70B 1017WH Amsterdam
aanvraag,2026-01-15,utrechtsedwarsstraat 70a 1017wh amsterdam,,gmb-2026-17904,Aanvraag onttrekkingsvergunning van woonruimte voor een tweede woning Utrechtsedwarsstraat 70A 1017WH Amsterdam
aanvraag,2026-01-15,laurierstraat 66-2 1016pn amsterdam,,gmb-2026-17201,Aanvraag onttrekkingsvergunning van woonruimte voor een tweede woning Laurierstraat 66-2 1016PN Amsterdam
aanvraag,2026-01-15,eerste amstelvlietpad 21 1096gb amsterdam,,gmb-2026-18011,Aanvraag onttrekkingsvergunning van woonruimte voor een tweede woning Eerste Amstelvlietpad 21 1096GB Amsterdam
aanvraag,2026-01-15,eerste amstelvlietpad 40 1096gb amsterdam,,gmb-2026-17996,Aanvraag onttrekkingsvergunning van woonruimte voor een tweede woning Eerste Amstelvlietpad 40 1096GB Amsterdam
aanvraag,2026-01-15,oudezijds voorburgwal 302a 1012gl amsterdam,,gmb-2026-16421,Aanvraag onttrekkingsvergunning van woonruimte voor een tweede woning Oudezijds Voorburgwal 302A 1012GL Amsterdam
aanvraag,2026-01-15,oudezijds voorburgwal 310b 1012gl amsterdam,,gmb-2026-16625,Aanvraag onttrekkingsvergunning van woonruimte voor een tweede woning Oudezijds Voorburgwal 310B 1012GL Amsterdam
aanvraag,2026-01-15,eerste amstelvlietpad 40 1096gb amsterdam,,gmb-2026-17991,Aanvraag onttrekkingsvergunning van woonruimte voor een tweede woning Eerste Amstelvlietpad 40 1096GB Amsterdam
aanvraag,2026-01-15,veembroederhof 172 1019hc amsterdam,,gmb-2026-18000,Aanvraag onttrekkingsvergunning van woonruimte voor een tweede woning Veembroederhof 172 1019HC Amsterdam
verleend,2026-01-15,oudezijds voorburgwal 302a 1012gl amsterdam,,gmb-2026-16532,Besluit onttrekkingsvergunning van woonruimte voor een tweede woning verleend Oudezijds Voorburgwal 302A 1012GL Amsterdam
verleend,2026-01-15,laurierstraat 66-2 1016pn amsterdam,,gmb-2026-17407,Besluit onttrekkingsvergunning van woonruimte voor een tweede woning verleend Laurierstraat 66-2 1016PN Amsterdam
verleend,2026-01-15,oudezijds voorburgwal 310b 1012gl amsterdam,,gmb-2026-16682,Besluit onttrekkingsvergunning van woonruimte voor een tweede woning verleend Oudezijds Voorburgwal 310B 1012GL Amsterdam
aanvraag,2026-01-16,venetiëhof 40 1019na amsterdam,,gmb-2026-18554,Aanvraag onttrekkingsvergunning van woonruimte voor een tweede woning Venetiëhof 40 1019NA Amsterdam
aanvraag,2026-01-16,heintje hoekssteeg 29 1012gr amsterdam,,gmb-2026-20147,Aanvraag onttrekkingsvergunning van woonruimte voor een tweede woning Heintje Hoekssteeg 29 1012GR Amsterdam
aanvraag,2026-01-16,isaac titsinghkade 2a-3 1018ca amsterdam,,gmb-2026-20176,Aanvraag onttrekkingsvergunning van woonruimte voor een tweede woning Isaac Titsinghkade 2A-3 1018CA Amsterdam
verleend,2026-01-16,heintje hoekssteeg 29 1012gr amsterdam,,gmb-2026-20163,Besluit onttrekkingsvergunning van woonruimte voor een tweede woning verleend Heintje Hoekssteeg 29 1012GR Amsterdam
aanvraag,2026-01-16,aanvraag ingetrokken utrechtsedwarsstraat 70b 1017wh amsterdam,,gmb-2026-19636,Aanvraag ingetrokken Utrechtsedwarsstraat 70B 1017WH Amsterdam
aanvraag,2026-01-19,bella vistastraat 256 1096gm amsterdam,,gmb-2026-20545,Aanvraag onttrekkingsvergunning van woonruimte voor een tweede woning Bella Vistastraat 256 1096GM Amsterdam
aanvraag,2026-01-19,looiersgracht 95 1016wc amsterdam,,gmb-2026-22370,Aanvraag onttrekkingsvergunning van woonruimte voor een tweede woning Looiersgracht 95 1016WC Amsterdam
aanvraag,2026-01-19,keizersgracht 335-3 1016eg amsterdam,,gmb-2026-22479,Aanvraag onttrekkingsvergunning van woonruimte voor een tweede woning Keizersgracht 335-3 1016EG Amsterdam
aanvraag,2026-01-19,oranje-vrijstaatkade 27 1093ks amsterdam,,gmb-2026-22301,Aanvraag onttrekkingsvergunning van woonruimte voor een tweede woning Oranje-Vrijstaatkade 27 1093KS Amsterdam
aanvraag,2026-01-19,meerluchtlaan 18 1096da amsterdam,,gmb-2026-20528,Aanvraag onttrekkingsvergunning van woonruimte voor een tweede woning Meerluchtlaan 18 1096DA Amsterdam
aanvraag,2026-01-19,rapenburg 41-2 1011tv amsterdam,,gmb-2026-21894,Aanvraag onttrekkingsvergunning van woonruimte voor een tweede woning Rapenburg 41-2 1011TV Amsterdam
aanvraag,2026-01-19,keizersgracht 77c 1015ce amsterdam,,gmb-2026-22461,Aanvraag onttrekkingsvergunning van woonruimte voor een tweede woning Keizersgracht 77C 1015CE Amsterdam
aanvraag,2026-01-19,oudeschans 72f 1011le amsterdam,,gmb-2026-21597,Aanvraag onttrekkingsvergunning van woonruimte voor een tweede woning Oudeschans 72F 1011LE Amsterdam
verleend,2026-01-19,isaac titsinghkade 2a-3 1018ca amsterdam,,gmb-2026-20804,Besluit onttrekkingsvergunning van woonruimte voor een tweede woning verleend Isaac Titsinghkade 2A-3 1018CA Amsterdam
verleend,2026-01-19,rapenburg 41-2 1011tv amsterdam,,gmb-2026-22097,Besluit onttrekkingsvergunning van woonruimte voor een tweede woning verleend Rapenburg 41-2 1011TV Amsterdam
verleend,2026-01-19,keizersgracht 77c 1015ce amsterdam,,gmb-2026-22478,Besluit onttrekkingsvergunning van woonruimte voor een tweede woning verleend Keizersgracht 77C 1015CE Amsterdam
verleend,2026-01-19,knsm-laan 641 1019lh amsterdam,,gmb-2026-22269,Besluit onttrekkingsvergunning van woonruimte voor een tweede woning verleend KNSM-laan 641 1019LH Amsterdam
verleend,2026-01-19,knsm-laan 641 1019lh amsterdam,,gmb-2026-22263,Besluit onttrekkingsvergunning van woonruimte voor een tweede woning verleend KNSM-laan 641 1019LH Amsterdam
verleend,2026-01-19,eerste oosterparkstraat 133a 1091gz amsterdam,,gmb-2026-22283,Besluit onttrekkingsvergunning van woonruimte voor een tweede woning verleend Eerste Oosterparkstraat 133A 1091GZ Amsterdam
verleend,2026-01-19,oudeschans 72f 1011le amsterdam,,gmb-2026-21744,Besluit onttrekkingsvergunning van woonruimte voor een tweede woning verleend Oudeschans 72F 1011LE Amsterdam
verleend,2026-01-19,looiersgracht 95 1016wc amsterdam,,gmb-2026-22400,Besluit onttrekkingsvergunning van woonruimte voor een tweede woning verleend Looiersgracht 95 1016WC Amsterdam
aanvraag,2026-01-20,haringbuisdijk 493 1086va amsterdam,,gmb-2026-24188,Aanvraag onttrekkingsvergunning van woonruimte voor een tweede woning Haringbuisdijk 493 1086VA Amsterdam
aanvraag,2026-01-20,haringbuisdijk 493 1086va amsterdam,,gmb-2026-24191,Aanvraag onttrekkingsvergunning van woonruimte voor een tweede woning Haringbuisdijk 493 1086VA Amsterdam
aanvraag,2026-01-20,veemkade 272 1019hd amsterdam,,gmb-2026-23670,Aanvraag onttrekkingsvergunning van woonruimte voor een tweede woning Veemkade 272 1019HD Amsterdam
verleend,2026-01-20,omval 123 1096aa amsterdam,,gmb-2026-23664,Besluit onttrekkingsvergunning van woonruimte voor een tweede woning verleend Omval 123 1096AA Amsterdam
aanvraag,2026-01-21,blasiusstraat 113-1 1091cp amsterdam,,gmb-2026-24557,Aanvraag onttrekkingsvergunning van woonruimte voor een tweede woning Blasiusstraat 113-1 1091CP Amsterdam
aanvraag,2026-01-21,bloemgracht 146a 1015ts amsterdam,,gmb-2026-26617,Aanvraag onttrekkingsvergunning van woonruimte voor een tweede woning Bloemgracht 146A 1015TS Amsterdam
verleend,2026-01-21,singel 106a 1015ad amsterdam,,gmb-2026-26358,Besluit onttrekkingsvergunning van woonruimte voor een tweede woning verleend Singel 106A 1015AD Amsterdam
aanvraag,2026-01-22,rozenstraat 76b 1016nx amsterdam,,gmb-2026-27500,Aanvraag onttrekkingsvergunning van woonruimte voor een tweede woning Rozenstraat 76B 1016NX Amsterdam
aanvraag,2026-01-22,ijdok 39 1013mm amsterdam,,gmb-2026-28341,Aanvraag onttrekkingsvergunning van woonruimte voor een tweede woning IJdok 39 1013MM Amsterdam
aanvraag,2026-01-22,hunzestraat 96-1 1079wg amsterdam,,gmb-2026-28850,Aanvraag onttrekkingsvergunning van woonruimte voor een tweede woning Hunzestraat 96-1 1079WG Amsterdam
verleend,2026-01-22,bloemgracht 146a 1015ts amsterdam,,gmb-2026-27369,Besluit onttrekkingsvergunning van woonruimte voor een tweede woning verleend Bloemgracht 146A 1015TS Amsterdam
verleend,2026-01-22,rozenstraat 76b 1016nx amsterdam,,gmb-2026-28108,Besluit onttrekkingsvergunning van woonruimte voor een tweede woning verleend Rozenstraat 76B 1016NX Amsterdam
aanvraag,2026-01-23,pieter de hoochstraat 15c 1071ed amsterdam,,gmb-2026-30760,Aanvraag onttrekkingsvergunning van woonruimte voor een tweede woning Pieter de Hoochstraat 15C 1071ED Amsterdam
aanvraag,2026-01-23,jozef israëlskade 36d 1072rx amsterdam,,gmb-2026-30722,Aanvraag onttrekkingsvergunning van woonruimte voor een tweede woning Jozef Israëlskade 36D 1072RX Amsterdam
aanvraag,2026-01-23,gerrit van der veenstraat 86-3 1077el amsterdam,,gmb-2026-30735,Aanvraag onttrekkingsvergunning van woonruimte voor een tweede woning Gerrit van der Veenstraat 86-3 1077EL Amsterdam
aanvraag,2026-01-23,de lairessestraat 17a 1071nr amsterdam,,gmb-2026-30545,Aanvraag onttrekkingsvergunning van woonruimte voor een tweede woning De Lairessestraat 17A 1071NR Amsterdam
aanvraag,2026-01-23,beethovenstraat 38-3 1077jj amsterdam,,gmb-2026-30748,Aanvraag onttrekkingsvergunning van woonruimte voor een tweede woning Beethovenstraat 38-3 1077JJ Amsterdam
aanvraag,2026-01-23,valeriusstraat 127-2 1075es amsterdam,,gmb-2026-30507,Aanvraag onttrekkingsvergunning van woonruimte voor een tweede woning Valeriusstraat 127-2 1075ES Amsterdam
aanvraag,2026-01-23,cornelis schuytstraat 7-1 1071jc amsterdam,,gmb-2026-30539,Aanvraag onttrekkingsvergunning van woonruimte voor een tweede woning Cornelis Schuytstraat 7-1 1071JC Amsterdam
aanvraag,2026-01-23,van eeghenstraat 165-1 1071gc amsterdam,,gmb-2026-30495,Aanvraag onttrekkingsvergunning van woonruimte voor een tweede woning Van Eeghenstraat 165-1 1071GC Amsterdam
aanvraag,2026-01-23,dora tamanaplein 59 1074jl amsterdam,,gmb-2026-30520,Aanvraag onttrekkingsvergunning van woonruimte voor een tweede woning Dora Tamanaplein 59 1074JL Amsterdam
aanvraag,2026-01-23,kastelenstraat 99-1 1082ea amsterdam,,gmb-2026-30755,Aanvraag onttrekkingsvergunning van woonruimte voor een tweede woning Kastelenstraat 99-1 1082EA Amsterdam
aanvraag,2026-01-23,prinseneiland 469 1013lp amsterdam,,gmb-2026-31392,Aanvraag onttrekkingsvergunning van woonruimte voor een tweede woning Prinseneiland 469 1013LP Amsterdam
aanvraag,2026-01-23,c. van eesterenlaan 416 1019ke amsterdam,,gmb-2026-29483,Aanvraag onttrekkingsvergunning van woonruimte voor een tweede woning C. van Eesterenlaan 416 1019KE Amsterdam
aanvraag,2026-01-23,apollolaan 193f 1077aw amsterdam,,gmb-2026-30743,Aanvraag onttrekkingsvergunning van woonruimte voor een tweede woning Apollolaan 193F 1077AW Amsterdam
aanvraag,2026-01-23,frans van mierisstraat 30-2 1071rt amsterdam,,gmb-2026-30534,Aanvraag onttrekkingsvergunning van woonruimte voor een tweede woning Frans van Mierisstraat 30-2 1071RT Amsterdam
aanvraag,2026-01-23,frans van mierisstraat 131-2 1071rr amsterdam,,gmb-2026-30516,Aanvraag onttrekkingsvergunning van woonruimte voor een tweede woning Frans van Mierisstraat 131-2 1071RR Amsterdam
aanvraag,2026-01-23,stadionkade 14-3 1077vj amsterdam,,gmb-2026-30529,Aanvraag onttrekkingsvergunning van woonruimte voor een tweede woning Stadionkade 14-3 1077VJ Amsterdam
aanvraag,2026-01-23,blasiusstraat 70a 1091cw amsterdam,,gmb-2026-29472,Aanvraag onttrekkingsvergunning van woonruimte voor een tweede woning Blasiusstraat 70A 1091CW Amsterdam
aanvraag,2026-01-23,cornelis schuytstraat 7-1 1071jc amsterdam,,gmb-2026-30498,Aanvraag onttrekkingsvergunning van woonruimte voor een tweede woning Cornelis Schuytstraat 7-1 1071JC Amsterdam
aanvraag,2026-01-23,westlandgracht 223-2 1059tp amsterdam,,gmb-2026-30764,Aanvraag onttrekkingsvergunning van woonruimte voor een tweede woning Westlandgracht 223-2 1059TP Amsterdam
aanvraag,2026-01-23,joh.m. coenenstraat 56 1071wh amsterdam,,gmb-2026-30486,Aanvraag onttrekkingsvergunning van woonruimte voor een tweede woning Joh.M. Coenenstraat 56 1071WH Amsterdam
aanvraag,2026-01-23,henrick de keijserplein 10-1 1073sx amsterdam,,gmb-2026-30487,Aanvraag onttrekkingsvergunning van woonruimte voor een tweede woning Henrick de Keijserplein 10-1 1073SX Amsterdam
aanvraag,2026-01-23,rondeel 54 1083me amsterdam,,gmb-2026-30753,Aanvraag onttrekkingsvergunning van woonruimte voor een tweede woning Rondeel 54 1083ME Amsterdam
aanvraag,2026-01-23,de lairessestraat 17a 1071nr amsterdam,,gmb-2026-30544,Aanvraag onttrekkingsvergunning van woonruimte voor een tweede woning De Lairessestraat 17A 1071NR Amsterdam
aanvraag,2026-01-23,amsteldijk 37c 1074hv amsterdam,,gmb-2026-30728,Aanvraag onttrekkingsvergunning van woonruimte voor een tweede woning Amsteldijk 37C 1074HV Amsterdam
aanvraag,2026-01-23,keizersgracht 18f 1015cp amsterdam,,gmb-2026-30348,Aanvraag onttrekkingsvergunning van woonruimte voor een tweede woning Keizersgracht 18F 1015CP Amsterdam
verleend,2026-01-23,keizersgracht 18f 1015cp amsterdam,,gmb-2026-30446,Besluit onttrekkingsvergunning van woonruimte voor een tweede woning verleend Keizersgracht 18F 1015CP Amsterdam
aanvraag,2026-01-26,nieuwe keizersgracht 22c 1018ds amsterdam,,gmb-2026-33540,Aanvraag onttrekkingsvergunning van woonruimte voor een tweede woning Nieuwe Keizersgracht 22C 1018DS Amsterdam
aanvraag,2026-01-26,johan jongkindstraat 154 1062dk amsterdam,,gmb-2026-33788,Aanvraag onttrekkingsvergunning van woonruimte voor een tweede woning Johan Jongkindstraat 154 1062DK Amsterdam
aanvraag,2026-01-26,ijdok 39 1013mm amsterdam,,gmb-2026-31805,Aanvraag onttrekkingsvergunning voor een tweede woning IJdok 39 1013MM Amsterdam
aanvraag,2026-01-26,keizersgracht 389g 1016ej amsterdam,,gmb-2026-33524,Aanvraag onttrekkingsvergunning van woonruimte voor een tweede woning Keizersgracht 389G 1016EJ Amsterdam
verleend,2026-01-26,nieuwe keizersgracht 22c 1018ds amsterdam,,gmb-2026-33609,Besluit onttrekkingsvergunning van woonruimte voor een tweede woning verleend Nieuwe Keizersgracht 22C 1018DS Amsterdam
verleend,2026-01-26,prinseneiland 469 1013lp amsterdam,,gmb-2026-31851,Besluit onttrekkingsvergunning van woonruimte voor een tweede woning verleend Prinseneiland 469 1013LP Amsterdam
verleend,2026-01-26,zacharias jansestraat 1-3 1097ch amsterdam,,gmb-2026-33207,Besluit onttrekkingsvergunning van woonruimte voor een tweede woning verleend Zacharias Jansestraat 1-3 1097CH Amsterdam
aanvraag,2026-01-27,omval 48 1096hv amsterdam,,gmb-2026-35447,Aanvraag onttrekkingsvergunning van woonruimte voor een tweede woning Omval 48 1096HV Amsterdam
verleend,2026-01-27,carolina macgillavrylaan 498 1098xb amsterdam,,gmb-2026-34378,Besluit onttrekkingsvergunning van woonruimte voor een tweede woning verleend Carolina MacGillavrylaan 498 1098XB Amsterdam
verleend,2026-01-27,zeeburgerkade 320 1019hn amsterdam,,gmb-2026-34359,Besluit onttrekkingsvergunning van woonruimte voor een tweede woning verleend Zeeburgerkade 320 1019HN Amsterdam
verleend,2026-01-27,blasiusstraat 70a 1091cw amsterdam,,gmb-2026-34335,Besluit onttrekkingsvergunning van woonruimte voor een tweede woning verleend Blasiusstraat 70A 1091CW Amsterdam
verleend,2026-01-27,venetiëhof 40 1019na amsterdam,,gmb-2026-34367,Besluit onttrekkingsvergunning van woonruimte voor een tweede woning verleend Venetiëhof 40 1019NA Amsterdam
verleend,2026-01-27,cas oorthuyskade 314 1087dp amsterdam,,gmb-2026-34388,Besluit onttrekkingsvergunning van woonruimte voor een tweede woning verleend Cas Oorthuyskade 314 1087DP Amsterdam
verleend,2026-01-27,oranje-vrijstaatkade 27 1093ks amsterdam,,gmb-2026-34352,Besluit onttrekkingsvergunning van woonruimte voor een tweede woning verleend Oranje-Vrijstaatkade 27 1093KS Amsterdam
verleend,2026-01-27,bella vistastraat 268 1096gm amsterdam,,gmb-2026-34397,Besluit onttrekkingsvergunning van woonruimte voor een tweede woning verleend Bella Vistastraat 268 1096GM Amsterdam
aanvraag,2026-01-28,herengracht 187d 1016be amsterdam,,gmb-2026-36938,Aanvraag onttrekkingsvergunning van woonruimte voor een tweede woning Herengracht 187D 1016BE Amsterdam
aanvraag,2026-01-28,bogortuin 77 1019pe amsterdam,,gmb-2026-36222,Aanvraag onttrekkingsvergunning van woonruimte voor een tweede woning Bogortuin 77 1019PE Amsterdam
aanvraag,2026-01-28,bertrand russellstraat 90 1097hl amsterdam,,gmb-2026-36236,Aanvraag onttrekkingsvergunning van woonruimte voor een tweede woning Bertrand Russellstraat 90 1097HL Amsterdam
aanvraag,2026-01-28,geschutswerf 13 1018aw amsterdam,,gmb-2026-37786,Aanvraag onttrekkingsvergunning van woonruimte voor een tweede woning Geschutswerf 13 1018AW Amsterdam
aanvraag,2026-01-28,bella vistastraat 210 1096gm amsterdam,,gmb-2026-37704,Aanvraag onttrekkingsvergunning van woonruimte voor een tweede woning Bella Vistastraat 210 1096GM Amsterdam
aanvraag,2026-01-28,nieuwezijds kolk 7a 1012pv amsterdam,,gmb-2026-37420,Aanvraag onttrekkingsvergunning van woonruimte voor een tweede woning Nieuwezijds Kolk 7A 1012PV Amsterdam
verleend,2026-01-28,middenweg 30-1 1097bn amsterdam,,gmb-2026-37673,Besluit onttrekkingsvergunning van woonruimte voor een tweede woning verleend Middenweg 30-1 1097BN Amsterdam
verleend,2026-01-28,herengracht 187d 1016be amsterdam,,gmb-2026-37017,Besluit onttrekkingsvergunning van woonruimte voor een tweede woning verleend Herengracht 187D 1016BE Amsterdam
verleend,2026-01-28,nieuwezijds kolk 7a 1012pv amsterdam,,gmb-2026-37532,Besluit onttrekkingsvergunning van woonruimte voor een tweede woning verleend Nieuwezijds Kolk 7A 1012PV Amsterdam
verleend,2026-01-28,geschutswerf 13 1018aw amsterdam,,gmb-2026-37843,Besluit onttrekkingsvergunning van woonruimte voor een tweede woning verleend Geschutswerf 13 1018AW Amsterdam
aanvraag,2026-01-29,de boelelaan 389 1082rh amsterdam,,gmb-2026-39945,Aanvraag onttrekkingsvergunning van woonruimte voor een tweede woning De Boelelaan 389 1082RH Amsterdam
aanvraag,2026-01-29,van nijenrodeweg 742 1082jg amsterdam,,gmb-2026-39704,Aanvraag onttrekkingsvergunning van woonruimte voor een tweede woning Van Nijenrodeweg 742 1082JG Amsterdam
aanvraag,2026-01-29,bloemgracht 128-3 1015tp amsterdam,,gmb-2026-40115,Aanvraag onttrekkingsvergunning van woonruimte voor een tweede woning Bloemgracht 128-3 1015TP Amsterdam
aanvraag,2026-01-29,johannes verhulststraat 187-2 1075gz amsterdam,,gmb-2026-39857,Aanvraag onttrekkingsvergunning van woonruimte voor een tweede woning Johannes Verhulststraat 187-2 1075GZ Amsterdam
aanvraag,2026-01-29,courbetstraat 12-2 1077zt amsterdam,,gmb-2026-39914,Aanvraag onttrekkingsvergunning van woonruimte voor een tweede woning Courbetstraat 12-2 1077ZT Amsterdam
aanvraag,2026-01-29,soesterberghof 26 1107gn amsterdam,,gmb-2026-39908,Aanvraag onttrekkingsvergunning van woonruimte voor een tweede woning Soesterberghof 26 1107GN Amsterdam
aanvraag,2026-01-29,dina appeldoornstraat 3-1 1076aw amsterdam,,gmb-2026-39883,Aanvraag onttrekkingsvergunning van woonruimte voor een tweede woning Dina Appeldoornstraat 3-1 1076AW Amsterdam
aanvraag,2026-01-29,johannes verhulststraat 187-2 1075gz amsterdam,,gmb-2026-39864,Aanvraag onttrekkingsvergunning van woonruimte voor een tweede woning Johannes Verhulststraat 187-2 1075GZ Amsterdam
aanvraag,2026-01-29,pieter cornelisz. hooftstraat 88-2 1071cb amsterdam,,gmb-2026-39826,Aanvraag onttrekkingsvergunning van woonruimte voor een tweede woning Pieter Cornelisz. Hooftstraat 88-2 1071CB Amsterdam
aanvraag,2026-01-29,banstraat 38 1071ka amsterdam,,gmb-2026-39877,Aanvraag onttrekkingsvergunning van woonruimte voor een tweede woning Banstraat 38 1071KA Amsterdam
aanvraag,2026-01-29,pieter cornelisz. hooftstraat 175b 1071bw amsterdam,,gmb-2026-39940,Aanvraag onttrekkingsvergunning van woonruimte voor een tweede woning Pieter Cornelisz. Hooftstraat 175B 1071BW Amsterdam
aanvraag,2026-01-29,reguliersgracht 4 1017lr amsterdam,,gmb-2026-39731,Aanvraag onttrekkingsvergunning van woonruimte voor een tweede woning Reguliersgracht 4 1017LR Amsterdam
aanvraag,2026-01-29,eerste jan van der heijdenstraat 20-3 1072tt amsterdam,,gmb-2026-39744,Aanvraag onttrekkingsvergunning van woonruimte voor een tweede woning Eerste Jan van der Heijdenstraat 20-3 1072TT Amsterdam
aanvraag,2026-01-29,kerkstraat 81-1 1017gc amsterdam,,gmb-2026-40947,Aanvraag onttrekkingsvergunning van woonruimte voor een tweede woning Kerkstraat 81-1 1017GC Amsterdam
aanvraag,2026-01-29,lijnbaansgracht 210k 1016xa amsterdam,,gmb-2026-40567,Aanvraag onttrekkingsvergunning van woonruimte voor een tweede woning Lijnbaansgracht 210K 1016XA Amsterdam
aanvraag,2026-01-29,pieter cornelisz. hooftstraat 88-2 1071cb amsterdam,,gmb-2026-39833,Aanvraag onttrekkingsvergunning van woonruimte voor een tweede woning Pieter Cornelisz. Hooftstraat 88-2 1071CB Amsterdam
aanvraag,2026-01-29,stadhouderskade 156-2 1074bc amsterdam,,gmb-2026-39846,Aanvraag onttrekkingsvergunning van woonruimte voor een tweede woning Stadhouderskade 156-2 1074BC Amsterdam
aanvraag,2026-01-29,frans halsstraat 86-h 1072bw amsterdam,,gmb-2026-39897,Aanvraag onttrekkingsvergunning van woonruimte voor een tweede woning Frans Halsstraat 86-H 1072BW Amsterdam
aanvraag,2026-01-29,banstraat 38 1071ka amsterdam,,gmb-2026-39878,Aanvraag onttrekkingsvergunning van woonruimte voor een tweede woning Banstraat 38 1071KA Amsterdam
aanvraag,2026-01-29,daniël stalpertstraat 41f 1072xa amsterdam,,gmb-2026-39903,Aanvraag onttrekkingsvergunning van woonruimte voor een tweede woning Daniël Stalpertstraat 41F 1072XA Amsterdam
aanvraag,2026-01-29,van breestraat 99-1 1071zj amsterdam,,gmb-2026-39935,Aanvraag onttrekkingsvergunning van woonruimte voor een tweede woning Van Breestraat 99-1 1071ZJ Amsterdam
aanvraag,2026-01-29,minervalaan 89-2 1077nt amsterdam,,gmb-2026-39758,Aanvraag onttrekkingsvergunning van woonruimte voor een tweede woning Minervalaan 89-2 1077NT Amsterdam
aanvraag,2026-01-29,sarphatipark 5-2 1073cn amsterdam,,gmb-2026-39891,Aanvraag onttrekkingsvergunning van woonruimte voor een tweede woning Sarphatipark 5-2 1073CN Amsterdam
aanvraag,2026-01-29,kerkstraat 81-h 1017gc amsterdam,,gmb-2026-40815,Aanvraag onttrekkingsvergunning van woonruimte voor een tweede woning Kerkstraat 81-H 1017GC Amsterdam
aanvraag,2026-01-29,hoogte kadijk 125-3 1018bh amsterdam,,gmb-2026-40492,Aanvraag onttrekkingsvergunning van woonruimte voor een tweede woning Hoogte Kadijk 125-3 1018BH Amsterdam
aanvraag,2026-01-29,valeriusstraat 46-2 1071mk amsterdam,,gmb-2026-39841,Aanvraag onttrekkingsvergunning van woonruimte voor een tweede woning Valeriusstraat 46-2 1071MK Amsterdam
aanvraag,2026-01-29,marnixstraat 233-3r 1015we amsterdam,,gmb-2026-39518,Aanvraag onttrekkingsvergunning van woonruimte voor een tweede woning Marnixstraat 233-3R 1015WE Amsterdam
aanvraag,2026-01-29,saxen-weimarlaan 28-4 1075cc amsterdam,,gmb-2026-39867,Aanvraag onttrekkingsvergunning van woonruimte voor een tweede woning Saxen-Weimarlaan 28-4 1075CC Amsterdam
aanvraag,2026-01-29,courbetstraat 12-2 1077zt amsterdam,,gmb-2026-39911,Aanvraag onttrekkingsvergunning van woonruimte voor een tweede woning Courbetstraat 12-2 1077ZT Amsterdam
aanvraag,2026-01-29,johannes vermeerstraat 50-3 1071dt amsterdam,,gmb-2026-39734,Aanvraag onttrekkingsvergunning van woonruimte voor een tweede woning Johannes Vermeerstraat 50-3 1071DT Amsterdam
aanvraag,2026-01-29,pieter pauwstraat 8-2 1017zj amsterdam,,gmb-2026-40386,Aanvraag onttrekkingsvergunning van woonruimte voor een tweede woning Pieter Pauwstraat 8-2 1017ZJ Amsterdam
aanvraag,2026-01-29,waalstraat 54-1 1078bx amsterdam,,gmb-2026-39931,Aanvraag onttrekkingsvergunning van woonruimte voor een tweede woning Waalstraat 54-1 1078BX Amsterdam
aanvraag,2026-01-29,courbetstraat 12-2 1077zt amsterdam,,gmb-2026-39925,Aanvraag onttrekkingsvergunning van woonruimte voor een tweede woning Courbetstraat 12-2 1077ZT Amsterdam
aanvraag,2026-01-29,soesterberghof 26 1107gn amsterdam,,gmb-2026-39906,Aanvraag onttrekkingsvergunning van woonruimte voor een tweede woning Soesterberghof 26 1107GN Amsterdam
verleend,2026-01-29,hoogte kadijk 125-3 1018bh amsterdam,,gmb-2026-40545,Besluit onttrekkingsvergunning van woonruimte voor een tweede woning verleend Hoogte Kadijk 125-3 1018BH Amsterdam
verleend,2026-01-29,panamalaan 20 1019az amsterdam,,gmb-2026-40818,Besluit onttrekkingsvergunning van woonruimte voor een tweede woning verleend Panamalaan 20 1019AZ Amsterdam
verleend,2026-01-29,madurastraat 54-3 1094gp amsterdam,,gmb-2026-39959,Besluit onttrekkingsvergunning van woonruimte voor een tweede woning verleend Madurastraat 54-3 1094GP Amsterdam
verleend,2026-01-29,lijnbaansgracht 210k 1016xa amsterdam,,gmb-2026-40800,Besluit onttrekkingsvergunning van woonruimte voor een tweede woning verleend Lijnbaansgracht 210K 1016XA Amsterdam
verleend,2026-01-29,bloemgracht 128-3 1015tp amsterdam,,gmb-2026-40192,Besluit onttrekkingsvergunning van woonruimte voor een tweede woning verleend Bloemgracht 128-3 1015TP Amsterdam
verleend,2026-01-29,keizersgracht 389g 1016ej amsterdam,,gmb-2026-38980,Besluit onttrekkingsvergunning van woonruimte voor een tweede woning verleend Keizersgracht 389G 1016EJ Amsterdam
verleend,2026-01-29,eerste amstelvlietpad 21 1096gb amsterdam,,gmb-2026-40839,Besluit onttrekkingsvergunning van woonruimte voor een tweede woning verleend Eerste Amstelvlietpad 21 1096GB Amsterdam
verleend,2026-01-29,keizersgracht 335-3 1016eg amsterdam,,gmb-2026-39465,Besluit onttrekkingsvergunning van woonruimte voor een tweede woning verleend Keizersgracht 335-3 1016EG Amsterdam
verleend,2026-01-29,kerkstraat 81-1 1017gc amsterdam,,gmb-2026-40966,Besluit onttrekkingsvergunning van woonruimte voor een tweede woning verleend Kerkstraat 81-1 1017GC Amsterdam
verleend,2026-01-29,zeeburgerkade 456 1019hp amsterdam,,gmb-2026-40796,Besluit onttrekkingsvergunning van woonruimte voor een tweede woning verleend Zeeburgerkade 456 1019HP Amsterdam
verleend,2026-01-29,marnixstraat 233-3r 1015we amsterdam,,gmb-2026-39682,Besluit onttrekkingsvergunning van woonruimte voor een tweede woning verleend Marnixstraat 233-3R 1015WE Amsterdam
verleend,2026-01-29,pieter pauwstraat 8-2 1017zj amsterdam,,gmb-2026-40460,Besluit onttrekkingsvergunning van woonruimte voor een tweede woning verleend Pieter Pauwstraat 8-2 1017ZJ Amsterdam
verleend,2026-01-29,oostelijke handelskade 1197 1019dn amsterdam,,gmb-2026-40828,Besluit onttrekkingsvergunning van woonruimte voor een tweede woning verleend Oostelijke Handelskade 1197 1019DN Amsterdam
verleend,2026-01-29,pieter pauwstraat 8-2 1017zj amsterdam,,gmb-2026-40449,Besluit onttrekkingsvergunning van woonruimte voor een tweede woning verleend Pieter Pauwstraat 8-2 1017ZJ Amsterdam
verleend,2026-01-29,kerkstraat 81-h 1017gc amsterdam,,gmb-2026-40874,Besluit onttrekkingsvergunning van woonruimte voor een tweede woning verleend Kerkstraat 81-H 1017GC Amsterdam
verleend,2026-01-29,reguliersgracht 4 1017lr amsterdam,,gmb-2026-40063,Besluit onttrekkingsvergunning van woonruimte voor een tweede woning verleend Reguliersgracht 4 1017LR Amsterdam
aanvraag,2026-01-30,herengracht 46g 1015bn amsterdam,,gmb-2026-41252,Aanvraag onttrekkingsvergunning van woonruimte voor een tweede woning Herengracht 46G 1015BN Amsterdam
aanvraag,2026-01-30,raamgracht 17c 1011kj amsterdam,,gmb-2026-41696,Aanvraag onttrekkingsvergunning van woonruimte voor een tweede woning Raamgracht 17C 1011KJ Amsterdam
aanvraag,2026-01-30,utrechtsedwarsstraat 172 1017wk amsterdam,,gmb-2026-43192,Aanvraag onttrekkingsvergunning van woonruimte voor een tweede woning Utrechtsedwarsstraat 172 1017WK Amsterdam
aanvraag,2026-01-30,rozengracht 2c 1016nb amsterdam,,gmb-2026-43300,Aanvraag onttrekkingsvergunning van woonruimte voor een tweede woning Rozengracht 2C 1016NB Amsterdam
aanvraag,2026-01-30,raamgracht 17b 1011kj amsterdam,,gmb-2026-41793,Aanvraag onttrekkingsvergunning van woonruimte voor een tweede woning Raamgracht 17B 1011KJ Amsterdam
aanvraag,2026-01-30,hortusplantsoen 14-h 1018tz amsterdam,,gmb-2026-42031,Aanvraag onttrekkingsvergunning van woonruimte voor een tweede woning Hortusplantsoen 14-H 1018TZ Amsterdam
aanvraag,2026-01-30,nieuwmarkt 38b 1012cs amsterdam,,gmb-2026-43359,Aanvraag onttrekkingsvergunning van woonruimte voor een tweede woning Nieuwmarkt 38B 1012CS Amsterdam
aanvraag,2026-01-30,raamgracht 17b 1011kj amsterdam,,gmb-2026-41800,Aanvraag onttrekkingsvergunning van woonruimte voor een tweede woning Raamgracht 17B 1011KJ Amsterdam
aanvraag,2026-01-30,brouwersgracht 118c 1013ha amsterdam,,gmb-2026-42799,Aanvraag onttrekkingsvergunning van woonruimte voor een tweede woning Brouwersgracht 118C 1013HA Amsterdam
aanvraag,2026-01-30,weteringschans 223-1 1017xh amsterdam,,gmb-2026-43449,Aanvraag onttrekkingsvergunning van woonruimte voor een tweede woning Weteringschans 223-1 1017XH Amsterdam
aanvraag,2026-01-30,kerkstraat 81-3 1017gc amsterdam,,gmb-2026-41624,Aanvraag onttrekkingsvergunning van woonruimte voor een tweede woning Kerkstraat 81-3 1017GC Amsterdam
aanvraag,2026-01-30,westerstraat 264-3 1015mt amsterdam,,gmb-2026-42179,Aanvraag onttrekkingsvergunning van woonruimte voor een tweede woning Westerstraat 264-3 1015MT Amsterdam
aanvraag,2026-01-30,groenburgwal 61-1 1011ht amsterdam,,gmb-2026-42665,Aanvraag onttrekkingsvergunning van woonruimte voor een tweede woning Groenburgwal 61-1 1011HT Amsterdam
verleend,2026-01-30,nieuwmarkt 38b 1012cs amsterdam,,gmb-2026-43419,Besluit onttrekkingsvergunning van woonruimte voor een tweede woning verleend Nieuwmarkt 38B 1012CS Amsterdam
verleend,2026-01-30,hortusplantsoen 14-h 1018tz amsterdam,,gmb-2026-42123,Besluit onttrekkingsvergunning van woonruimte voor een tweede woning verleend Hortusplantsoen 14-H 1018TZ Amsterdam
verleend,2026-01-30,raamgracht 17c 1011kj amsterdam,,gmb-2026-41774,Besluit onttrekkingsvergunning van woonruimte voor een tweede woning verleend Raamgracht 17C 1011KJ Amsterdam
verleend,2026-01-30,herengracht 46g 1015bn amsterdam,,gmb-2026-41331,Besluit onttrekkingsvergunning van woonruimte voor een tweede woning verleend Herengracht 46G 1015BN Amsterdam
verleend,2026-01-30,rozengracht 2c 1016nb amsterdam,,gmb-2026-43403,Besluit onttrekkingsvergunning van woonruimte voor een tweede woning verleend Rozengracht 2C 1016NB Amsterdam
verleend,2026-01-30,raamgracht 17b 1011kj amsterdam,,gmb-2026-42006,Besluit onttrekkingsvergunning van woonruimte voor een tweede woning verleend Raamgracht 17B 1011KJ Amsterdam
verleend,2026-01-30,utrechtsedwarsstraat 172 1017wk amsterdam,,gmb-2026-43296,Besluit onttrekkingsvergunning van woonruimte voor een tweede woning verleend Utrechtsedwarsstraat 172 1017WK Amsterdam
verleend,2026-01-30,brouwersgracht 118c 1013ha amsterdam,,gmb-2026-42888,Besluit onttrekkingsvergunning van woonruimte voor een tweede woning verleend Brouwersgracht 118C 1013HA Amsterdam
verleend,2026-01-30,nieuwmarkt 38b 1012cs amsterdam,,gmb-2026-43417,Besluit onttrekkingsvergunning van woonruimte voor een tweede woning verleend Nieuwmarkt 38B 1012CS Amsterdam
verleend,2026-01-30,kerkstraat 81-3 1017gc amsterdam,,gmb-2026-41681,Besluit onttrekkingsvergunning van woonruimte voor een tweede woning verleend Kerkstraat 81-3 1017GC Amsterdam
verleend,2026-01-30,westerstraat 264-3 1015mt amsterdam,,gmb-2026-42249,Besluit onttrekkingsvergunning van woonruimte voor een tweede woning verleend Westerstraat 264-3 1015MT Amsterdam
verleend,2026-01-30,weteringschans 223-1 1017xh amsterdam,,gmb-2026-43475,Besluit onttrekkingsvergunning van woonruimte voor een tweede woning verleend Weteringschans 223-1 1017XH Amsterdam
verleend,2026-01-30,groenburgwal 61-1 1011ht amsterdam,,gmb-2026-42699,Besluit onttrekkingsvergunning van woonruimte voor een tweede woning verleend Groenburgwal 61-1 1011HT Amsterdam
aanvraag,2026-02-02,funenpark 494 1018ak amsterdam,,gmb-2026-45700,Aanvraag onttrekkingsvergunning van woonruimte voor een tweede woning Funenpark 494 1018AK Amsterdam
aanvraag,2026-02-02,oudezijds voorburgwal 217g 1012ex amsterdam,,gmb-2026-45916,Aanvraag onttrekkingsvergunning van woonruimte voor een tweede woning Oudezijds Voorburgwal 217G 1012EX Amsterdam
aanvraag,2026-02-02,cruquiusweg 101m 1019ag amsterdam,,gmb-2026-45536,Aanvraag onttrekkingsvergunning van woonruimte voor een tweede woning Cruquiusweg 101M 1019AG Amsterdam
aanvraag,2026-02-02,prinsengracht 284f 1016hj amsterdam,,gmb-2026-44634,Aanvraag onttrekkingsvergunning van woonruimte voor een tweede woning Prinsengracht 284F 1016HJ Amsterdam
aanvraag,2026-02-02,willem frederik hermansstraat 27 1011dg amsterdam,,gmb-2026-45582,Aanvraag onttrekkingsvergunning van woonruimte voor een tweede woning Willem Frederik Hermansstraat 27 1011DG Amsterdam
aanvraag,2026-02-02,prinsengracht 284f 1016hj amsterdam,,gmb-2026-44641,Aanvraag onttrekkingsvergunning van woonruimte voor een tweede woning Prinsengracht 284F 1016HJ Amsterdam
aanvraag,2026-02-02,palmgracht 10f 1015hm amsterdam,,gmb-2026-43999,Aanvraag onttrekkingsvergunning van woonruimte voor een tweede woning Palmgracht 10F 1015HM Amsterdam
aanvraag,2026-02-02,brouwersgracht 208c 1013hd amsterdam,,gmb-2026-44060,Aanvraag onttrekkingsvergunning van woonruimte voor een tweede woning Brouwersgracht 208C 1013HD Amsterdam
aanvraag,2026-02-02,prinsengracht 359e 1016hk amsterdam,,gmb-2026-44498,Aanvraag onttrekkingsvergunning van woonruimte voor een tweede woning Prinsengracht 359E 1016HK Amsterdam
verleend,2026-02-02,palmgracht 10f 1015hm amsterdam,,gmb-2026-44036,Besluit onttrekkingsvergunning van woonruimte voor een tweede woning verleend Palmgracht 10F 1015HM Amsterdam
verleend,2026-02-02,prinsengracht 284f 1016hj amsterdam,,gmb-2026-45548,Besluit onttrekkingsvergunning van woonruimte voor een tweede woning verleend Prinsengracht 284F 1016HJ Amsterdam
verleend,2026-02-02,oudezijds voorburgwal 217g 1012ex amsterdam,,gmb-2026-45929,Besluit onttrekkingsvergunning van woonruimte voor een tweede woning verleend Oudezijds Voorburgwal 217G 1012EX Amsterdam
verleend,2026-02-02,willem frederik hermansstraat 27 1011dg amsterdam,,gmb-2026-45676,Besluit onttrekkingsvergunning van woonruimte voor een tweede woning verleend Willem Frederik Hermansstraat 27 1011DG Amsterdam
verleend,2026-02-02,brouwersgracht 208c 1013hd amsterdam,,gmb-2026-44120,Besluit onttrekkingsvergunning van woonruimte voor een tweede woning verleend Brouwersgracht 208C 1013HD Amsterdam
verleend,2026-02-02,prinsengracht 359e 1016hk amsterdam,,gmb-2026-44615,Besluit onttrekkingsvergunning van woonruimte voor een tweede woning verleend Prinsengracht 359E 1016HK Amsterdam
verleend,2026-02-02,funenpark 494 1018ak amsterdam,,gmb-2026-45767,Besluit onttrekkingsvergunning van woonruimte voor een tweede woning verleend Funenpark 494 1018AK Amsterdam
verleend,2026-02-03,eerste amstelvlietpad 40 1096gb amsterdam,,gmb-2026-47086,Besluit onttrekkingsvergunning van woonruimte voor een tweede woning verleend Eerste Amstelvlietpad 40 1096GB Amsterdam
aanvraag,2026-02-04,hazenstraat 56d 1016sr amsterdam,,gmb-2026-48262,Aanvraag onttrekkingsvergunning van woonruimte voor een tweede woning Hazenstraat 56D 1016SR Amsterdam
aanvraag,2026-02-04,prinsengracht 759 1017jz amsterdam,,gmb-2026-50051,Aanvraag onttrekkingsvergunning van woonruimte voor een tweede woning Prinsengracht 759 1017JZ Amsterdam
aanvraag,2026-02-04,commelinstraat 4-h 1093tr amsterdam,,gmb-2026-50161,Aanvraag onttrekkingsvergunning van woonruimte voor een tweede woning Commelinstraat 4-H 1093TR Amsterdam
aanvraag,2026-02-04,nieuwe uilenburgerstraat 19b 1011lm amsterdam,,gmb-2026-48361,Aanvraag onttrekkingsvergunning van woonruimte voor een tweede woning Nieuwe Uilenburgerstraat 19B 1011LM Amsterdam
aanvraag,2026-02-04,recht boomssloot 14b 1011ea amsterdam,,gmb-2026-49562,Aanvraag onttrekkingsvergunning van woonruimte voor een tweede woning Recht Boomssloot 14B 1011EA Amsterdam
aanvraag,2026-02-04,keizersgracht 674b 1017et amsterdam,,gmb-2026-49823,Aanvraag onttrekkingsvergunning van woonruimte voor een tweede woning Keizersgracht 674B 1017ET Amsterdam
verleend,2026-02-04,hazenstraat 56d 1016sr amsterdam,,gmb-2026-49794,Besluit onttrekkingsvergunning van woonruimte voor een tweede woning verleend Hazenstraat 56D 1016SR Amsterdam
verleend,2026-02-04,recht boomssloot 14b 1011ea amsterdam,,gmb-2026-49611,Besluit onttrekkingsvergunning van woonruimte voor een tweede woning verleend Recht Boomssloot 14B 1011EA Amsterdam
verleend,2026-02-04,prinsengracht 759 1017jz amsterdam,,gmb-2026-50117,Besluit onttrekkingsvergunning van woonruimte voor een tweede woning verleend Prinsengracht 759 1017JZ Amsterdam
verleend,2026-02-04,nieuwe uilenburgerstraat 19b 1011lm amsterdam,,gmb-2026-49353,Besluit onttrekkingsvergunning van woonruimte voor een tweede woning verleend Nieuwe Uilenburgerstraat 19B 1011LM Amsterdam
verleend,2026-02-04,keizersgracht 674b 1017et amsterdam,,gmb-2026-50112,Besluit onttrekkingsvergunning van woonruimte voor een tweede woning verleend Keizersgracht 674B 1017ET Amsterdam
aanvraag,2026-02-05,eerste amstelvlietpad 60 1096gb amsterdam,,gmb-2026-52580,Aanvraag onttrekkingsvergunning van woonruimte voor een tweede woning Eerste Amstelvlietpad 60 1096GB Amsterdam
aanvraag,2026-02-05,van ostadestraat 199-2 1073tm amsterdam,,gmb-2026-52948,Aanvraag onttrekkingsvergunning van woonruimte voor een tweede woning Van Ostadestraat 199-2 1073TM Amsterdam
aanvraag,2026-02-05,oostelijke handelskade 1127 1019dn amsterdam,,gmb-2026-52753,Aanvraag onttrekkingsvergunning van woonruimte voor een tweede woning Oostelijke Handelskade 1127 1019DN Amsterdam
aanvraag,2026-02-05,eerste amstelvlietpad 60 1096gb amsterdam,,gmb-2026-52608,Aanvraag onttrekkingsvergunning van woonruimte voor een tweede woning Eerste Amstelvlietpad 60 1096GB Amsterdam
aanvraag,2026-02-05,bella vistastraat 200 1096gm amsterdam,,gmb-2026-52570,Aanvraag onttrekkingsvergunning van woonruimte voor een tweede woning Bella Vistastraat 200 1096GM Amsterdam
aanvraag,2026-02-05,nieuwe teertuinen 13d 1013lv amsterdam,,gmb-2026-53131,Aanvraag onttrekkingsvergunning van woonruimte voor een tweede woning Nieuwe Teertuinen 13D 1013LV Amsterdam
aanvraag,2026-02-05,nieuwezijds voorburgwal 308b 1012rv amsterdam,,gmb-2026-51497,Aanvraag onttrekkingsvergunning van woonruimte voor een tweede woning Nieuwezijds Voorburgwal 308B 1012RV Amsterdam
aanvraag,2026-02-05,pieter cornelisz. hooftstraat 88-2 1071cb amsterdam,,gmb-2026-53043,Aanvraag onttrekkingsvergunning van woonruimte voor een tweede woning Pieter Cornelisz. Hooftstraat 88-2 1071CB Amsterdam
aanvraag,2026-02-05,omval 147 1096aa amsterdam,,gmb-2026-52578,Aanvraag onttrekkingsvergunning van woonruimte voor een tweede woning Omval 147 1096AA Amsterdam
aanvraag,2026-02-05,gustav mahlerlaan 363 1082mk amsterdam,,gmb-2026-52445,Aanvraag onttrekkingsvergunning van woonruimte voor een tweede woning Gustav Mahlerlaan 363 1082MK Amsterdam
verleend,2026-02-05,van ostadestraat 199-2 1073tm amsterdam,,gmb-2026-52991,Besluit onttrekkingsvergunning van woonruimte voor een tweede woning verleend Van Ostadestraat 199-2 1073TM Amsterdam
verleend,2026-02-05,meerluchtlaan 18 1096da amsterdam,,gmb-2026-52657,Besluit onttrekkingsvergunning van woonruimte voor een tweede woning verleend Meerluchtlaan 18 1096DA Amsterdam
verleend,2026-02-05,gustav mahlerlaan 363 1082mk amsterdam,,gmb-2026-52622,Besluit onttrekkingsvergunning van woonruimte voor een tweede woning verleend Gustav Mahlerlaan 363 1082MK Amsterdam
verleend,2026-02-05,pieter oosterhuisstraat 28 1087ht amsterdam,,gmb-2026-52534,Besluit onttrekkingsvergunning van woonruimte voor een tweede woning verleend Pieter Oosterhuisstraat 28 1087HT Amsterdam
verleend,2026-02-05,nieuwezijds voorburgwal 308b 1012rv amsterdam,,gmb-2026-51644,Besluit onttrekkingsvergunning van woonruimte voor een tweede woning verleend Nieuwezijds Voorburgwal 308B 1012RV Amsterdam
aanvraag,2026-02-06,papaverhof 16c 1032lx amsterdam,,gmb-2026-54803,Aanvraag onttrekkingsvergunning van woonruimte voor een tweede woning Papaverhof 16C 1032LX Amsterdam
aanvraag,2026-02-06,anjeliersstraat 69a 1015nd amsterdam,,gmb-2026-55364,Aanvraag onttrekkingsvergunning van woonruimte voor een tweede woning Anjeliersstraat 69A 1015ND Amsterdam
aanvraag,2026-02-06,keizersgracht 133a 1015cj amsterdam,,gmb-2026-55428,Aanvraag onttrekkingsvergunning van woonruimte voor een tweede woning Keizersgracht 133A 1015CJ Amsterdam
aanvraag,2026-02-06,egelantiersgracht 324 1015rr amsterdam,,gmb-2026-53920,Aanvraag onttrekkingsvergunning van woonruimte voor een tweede woning Egelantiersgracht 324 1015RR Amsterdam
aanvraag,2026-02-06,sarphatipark 127-3 1073cx amsterdam,,gmb-2026-55384,Aanvraag onttrekkingsvergunning van woonruimte voor een tweede woning Sarphatipark 127-3 1073CX Amsterdam
aanvraag,2026-02-06,singel 54g 1015ab amsterdam,,gmb-2026-55308,Aanvraag onttrekkingsvergunning van woonruimte voor een tweede woning Singel 54G 1015AB Amsterdam
aanvraag,2026-02-06,binnenkant 20b 1011bh amsterdam,,gmb-2026-54976,Aanvraag onttrekkingsvergunning van woonruimte voor een tweede woning Binnenkant 20B 1011BH Amsterdam
aanvraag,2026-02-06,ridderspoorweg 166 1032ll amsterdam,,gmb-2026-54767,Aanvraag onttrekkingsvergunning van woonruimte voor een tweede woning Ridderspoorweg 166 1032LL Amsterdam
aanvraag,2026-02-06,nieuwe achtergracht 4g 1018xx amsterdam,,gmb-2026-54913,Aanvraag onttrekkingsvergunning van woonruimte voor een tweede woning Nieuwe Achtergracht 4G 1018XX Amsterdam
aanvraag,2026-02-06,hagedoornplein 22 1031bv amsterdam,,gmb-2026-55132,Aanvraag onttrekkingsvergunning van woonruimte voor een tweede woning Hagedoornplein 22 1031BV Amsterdam
aanvraag,2026-02-06,hekelveld 3-1 1012sn amsterdam,,gmb-2026-54407,Aanvraag onttrekkingsvergunning van woonruimte voor een tweede woning Hekelveld 3-1 1012SN Amsterdam
aanvraag,2026-02-06,vijfde vogelstraat 11 1022xd amsterdam,,gmb-2026-54908,Aanvraag onttrekkingsvergunning van woonruimte voor een tweede woning Vijfde Vogelstraat 11 1022XD Amsterdam
aanvraag,2026-02-06,sausalitolaan 116 1031ke amsterdam,,gmb-2026-55082,Aanvraag onttrekkingsvergunning van woonruimte voor een tweede woning Sausalitolaan 116 1031KE Amsterdam
aanvraag,2026-02-06,knsm-laan 587 1019ld amsterdam,,gmb-2026-54382,Aanvraag onttrekkingsvergunning van woonruimte voor een tweede woning KNSM-laan 587 1019LD Amsterdam
aanvraag,2026-02-06,utrechtsedwarsstraat 152-h 1017wk amsterdam,,gmb-2026-54230,Aanvraag onttrekkingsvergunning van woonruimte voor een tweede woning Utrechtsedwarsstraat 152-H 1017WK Amsterdam
aanvraag,2026-02-06,ruysdaelstraat 108d 1071xh amsterdam,,gmb-2026-54985,Aanvraag onttrekkingsvergunning van woonruimte voor een tweede woning Ruysdaelstraat 108D 1071XH Amsterdam
aanvraag,2026-02-06,keizersgracht 682a 1017et amsterdam,,gmb-2026-54757,Aanvraag onttrekkingsvergunning van woonruimte voor een tweede woning Keizersgracht 682A 1017ET Amsterdam
aanvraag,2026-02-06,raamgracht 4f 1011kk amsterdam,,gmb-2026-54808,Aanvraag onttrekkingsvergunning van woonruimte voor een tweede woning Raamgracht 4F 1011KK Amsterdam
aanvraag,2026-02-06,ijdoornlaan 251t-1 1024km amsterdam,,gmb-2026-55356,Aanvraag onttrekkingsvergunning van woonruimte voor een tweede woning IJdoornlaan 251T-1 1024KM Amsterdam
aanvraag,2026-02-06,brouwersgracht 41d 1015gb amsterdam,,gmb-2026-54466,Aanvraag onttrekkingsvergunning van woonruimte voor een tweede woning Brouwersgracht 41D 1015GB Amsterdam
aanvraag,2026-02-06,oude braak 25l 1012ps amsterdam,,gmb-2026-55464,Aanvraag onttrekkingsvergunning van woonruimte voor een tweede woning Oude Braak 25L 1012PS Amsterdam
aanvraag,2026-02-06,leidsegracht 86b 1016cr amsterdam,,gmb-2026-54048,Aanvraag onttrekkingsvergunning van woonruimte voor een tweede woning Leidsegracht 86B 1016CR Amsterdam
aanvraag,2026-02-06,geschutswerf 23 1018aw amsterdam,,gmb-2026-54130,Aanvraag onttrekkingsvergunning van woonruimte voor een tweede woning Geschutswerf 23 1018AW Amsterdam
aanvraag,2026-02-06,leidsegracht 2 1016ck amsterdam,,gmb-2026-54852,Aanvraag onttrekkingsvergunning van woonruimte voor een tweede woning Leidsegracht 2 1016CK Amsterdam
verleend,2026-02-06,leidsegracht 86b 1016cr amsterdam,,gmb-2026-54112,Besluit onttrekkingsvergunning van woonruimte voor een tweede woning verleend Leidsegracht 86B 1016CR Amsterdam
verleend,2026-02-06,singel 54g 1015ab amsterdam,,gmb-2026-55351,Besluit onttrekkingsvergunning van woonruimte voor een tweede woning verleend Singel 54G 1015AB Amsterdam
verleend,2026-02-06,utrechtsedwarsstraat 152-h 1017wk amsterdam,,gmb-2026-54392,Besluit onttrekkingsvergunning van woonruimte voor een tweede woning verleend Utrechtsedwarsstraat 152-H 1017WK Amsterdam
verleend,2026-02-06,anjeliersstraat 69a 1015nd amsterdam,,gmb-2026-55409,Besluit onttrekkingsvergunning van woonruimte voor een tweede woning verleend Anjeliersstraat 69A 1015ND Amsterdam
verleend,2026-02-06,keizersgracht 682a 1017et amsterdam,,gmb-2026-54799,Besluit onttrekkingsvergunning van woonruimte voor een tweede woning verleend Keizersgracht 682A 1017ET Amsterdam
verleend,2026-02-06,raamgracht 4f 1011kk amsterdam,,gmb-2026-54856,Besluit onttrekkingsvergunning van woonruimte voor een tweede woning verleend Raamgracht 4F 1011KK Amsterdam
verleend,2026-02-06,brouwersgracht 41d 1015gb amsterdam,,gmb-2026-54761,Besluit onttrekkingsvergunning van woonruimte voor een tweede woning verleend Brouwersgracht 41D 1015GB Amsterdam
verleend,2026-02-06,keizersgracht 133a 1015cj amsterdam,,gmb-2026-55455,Besluit onttrekkingsvergunning van woonruimte voor een tweede woning verleend Keizersgracht 133A 1015CJ Amsterdam
verleend,2026-02-06,nieuwe achtergracht 4g 1018xx amsterdam,,gmb-2026-54958,Besluit onttrekkingsvergunning van woonruimte voor een tweede woning verleend Nieuwe Achtergracht 4G 1018XX Amsterdam
verleend,2026-02-06,veemkade 272 1019hd amsterdam,,gmb-2026-53663,Besluit onttrekkingsvergunning van woonruimte voor een tweede woning verleend Veemkade 272 1019HD Amsterdam
verleend,2026-02-06,pieter cornelisz. hooftstraat 88-2 1071cb amsterdam,,gmb-2026-54376,Besluit onttrekkingsvergunning van woonruimte voor een tweede woning verleend Pieter Cornelisz. Hooftstraat 88-2 1071CB Amsterdam
verleend,2026-02-06,hekelveld 3-1 1012sn amsterdam,,gmb-2026-54452,Besluit onttrekkingsvergunning van woonruimte voor een tweede woning verleend Hekelveld 3-1 1012SN Amsterdam
verleend,2026-02-06,ruysdaelstraat 108d 1071xh amsterdam,,gmb-2026-55520,Besluit onttrekkingsvergunning van woonruimte voor een tweede woning verleend Ruysdaelstraat 108D 1071XH Amsterdam
verleend,2026-02-06,geschutswerf 23 1018aw amsterdam,,gmb-2026-54193,Besluit onttrekkingsvergunning van woonruimte voor een tweede woning verleend Geschutswerf 23 1018AW Amsterdam
verleend,2026-02-06,binnenkant 20b 1011bh amsterdam,,gmb-2026-55185,Besluit onttrekkingsvergunning van woonruimte voor een tweede woning verleend Binnenkant 20B 1011BH Amsterdam
verleend,2026-02-06,oude braak 25l 1012ps amsterdam,,gmb-2026-55490,Besluit onttrekkingsvergunning van woonruimte voor een tweede woning verleend Oude Braak 25L 1012PS Amsterdam
verleend,2026-02-06,egelantiersgracht 324 1015rr amsterdam,,gmb-2026-54036,Besluit onttrekkingsvergunning van woonruimte voor een tweede woning verleend Egelantiersgracht 324 1015RR Amsterdam
verleend,2026-02-06,leidsegracht 2 1016ck amsterdam,,gmb-2026-54920,Besluit onttrekkingsvergunning van woonruimte voor een tweede woning verleend Leidsegracht 2 1016CK Amsterdam
aanvraag,2026-02-09,prinsengracht 1033f 1017kp amsterdam,,gmb-2026-56311,Aanvraag onttrekkingsvergunning van woonruimte voor een tweede woning Prinsengracht 1033F 1017KP Amsterdam
aanvraag,2026-02-09,keizersgracht 172 1015cz amsterdam,,gmb-2026-56946,Aanvraag onttrekkingsvergunning van woonruimte voor een tweede woning Keizersgracht 172 1015CZ Amsterdam
aanvraag,2026-02-09,prinsengracht 1033f 1017kp amsterdam,,gmb-2026-56376,Aanvraag onttrekkingsvergunning van woonruimte voor een tweede woning Prinsengracht 1033F 1017KP Amsterdam
aanvraag,2026-02-09,utrechtsedwarsstraat 48r 1017wg amsterdam,,gmb-2026-56579,Aanvraag onttrekkingsvergunning van woonruimte voor een tweede woning Utrechtsedwarsstraat 48R 1017WG Amsterdam
aanvraag,2026-02-09,haarlemmer houttuinen 31e 1013gl amsterdam,,gmb-2026-57421,Aanvraag onttrekkingsvergunning van woonruimte voor een tweede woning Haarlemmer Houttuinen 31E 1013GL Amsterdam
verleend,2026-02-09,utrechtsedwarsstraat 48r 1017wg amsterdam,,gmb-2026-56789,Besluit onttrekkingsvergunning van woonruimte voor een tweede woning verleend Utrechtsedwarsstraat 48R 1017WG Amsterdam
verleend,2026-02-09,prinsengracht 1033f 1017kp amsterdam,,gmb-2026-56569,Besluit onttrekkingsvergunning van woonruimte voor een tweede woning verleend Prinsengracht 1033F 1017KP Amsterdam
aanvraag,2026-02-10,van breestraat 117c 1071zk amsterdam,,gmb-2026-60216,Aanvraag onttrekkingsvergunning van woonruimte voor een tweede woning Van Breestraat 117C 1071ZK Amsterdam
aanvraag,2026-02-10,commelinstraat 4-2 1093tr amsterdam,,gmb-2026-59477,Rectificatie: Aanvraag onttrekkingsvergunning van woonruimte voor een tweede woning Commelinstraat 4-2 1093TR Amsterdam
aanvraag,2026-02-10,van eeghenstraat 23-h 1071et amsterdam,,gmb-2026-60217,Aanvraag onttrekkingsvergunning van woonruimte voor een tweede woning Van Eeghenstraat 23-H 1071ET Amsterdam
aanvraag,2026-02-10,leiduinstraat 44-h 1058sl amsterdam,,gmb-2026-60195,Aanvraag onttrekkingsvergunning van woonruimte voor een tweede woning Leiduinstraat 44-H 1058SL Amsterdam
aanvraag,2026-02-10,slaakstraat 8-1 1078bd amsterdam,,gmb-2026-60201,Aanvraag onttrekkingsvergunning van woonruimte voor een tweede woning Slaakstraat 8-1 1078BD Amsterdam
aanvraag,2026-02-10,zuidelijke wandelweg 165 1079rk amsterdam,,gmb-2026-60214,Aanvraag onttrekkingsvergunning van woonruimte voor een tweede woning Zuidelijke Wandelweg 165 1079RK Amsterdam
aanvraag,2026-02-10,schokkerspad 41 1081ks amsterdam,,gmb-2026-60215,Aanvraag onttrekkingsvergunning van woonruimte voor een tweede woning Schokkerspad 41 1081KS Amsterdam
besluit_overig,2026-02-10,valeriusstraat 127-2 1075es amsterdam,,gmb-2026-59495,Besluit onttrekkingsvergunning van woonruimte voor een tweede woning  Valeriusstraat 127-2 1075ES Amsterdam
besluit_overig,2026-02-10,joh.m. coenenstraat 56 1071wh amsterdam,,gmb-2026-59403,Besluit onttrekkingsvergunning van woonruimte voor een tweede woning  Joh.M. Coenenstraat 56 1071WH Amsterdam
besluit_overig,2026-02-10,van eeghenstraat 165-1 1071gc amsterdam,,gmb-2026-59228,Besluit onttrekkingsvergunning van woonruimte voor een tweede woning  Van Eeghenstraat 165-1 1071GC Amsterdam
aanvraag,2026-02-11,bankwerkerij 1 1021ns amsterdam,,gmb-2026-61347,Aanvraag onttrekkingsvergunning van woonruimte voor een tweede woning Bankwerkerij 1 1021NS Amsterdam
aanvraag,2026-02-11,'s-gravesandestraat 64 1091de amsterdam,,gmb-2026-60350,Aanvraag onttrekkingsvergunning van woonruimte voor een tweede woning 's-Gravesandestraat 64 1091DE Amsterdam
aanvraag,2026-02-11,mr. p.n. arntzeniusweg 1-2 1098gj amsterdam,,gmb-2026-60359,Aanvraag onttrekkingsvergunning van woonruimte voor een tweede woning Mr. P.N. Arntzeniusweg 1-2 1098GJ Amsterdam
aanvraag,2026-02-11,herengracht 310d 1016cd amsterdam,,gmb-2026-62393,Aanvraag onttrekkingsvergunning van woonruimte voor een tweede woning Herengracht 310D 1016CD Amsterdam
aanvraag,2026-02-11,churchill-laan 137-1 1078dr amsterdam,,gmb-2026-62755,Aanvraag onttrekkingsvergunning van woonruimte voor een tweede woning Churchill-laan 137-1 1078DR Amsterdam
besluit_overig,2026-02-11,overhoeksparklaan 274 1031kc amsterdam,,gmb-2026-61905,Besluit onttrekkingsvergunning van woonruimte voor een tweede woning Overhoeksparklaan 274 1031KC Amsterdam
verleend,2026-02-11,leiduinstraat 44-h 1058sl amsterdam,,gmb-2026-61050,Besluit onttrekkingsvergunning van woonruimte voor een tweede woning verleend Leiduinstraat 44-H 1058SL Amsterdam
verleend,2026-02-11,schokkerspad 41 1081ks amsterdam,,gmb-2026-62752,Besluit onttrekkingsvergunning van woonruimte voor een tweede woning verleend Schokkerspad 41 1081KS Amsterdam
verleend,2026-02-11,zuidelijke wandelweg 165 1079rk amsterdam,,gmb-2026-61920,Besluit onttrekkingsvergunning van woonruimte voor een tweede woning verleend Zuidelijke Wandelweg 165 1079RK Amsterdam
aanvraag,2026-02-12,kerkstraat 112 1017gp amsterdam,,gmb-2026-63718,Aanvraag onttrekkingsvergunning van woonruimte voor een tweede woning Kerkstraat 112 1017GP Amsterdam
aanvraag,2026-02-12,omval 13 1096aa amsterdam,,gmb-2026-63173,Aanvraag onttrekkingsvergunning van woonruimte voor een tweede woning Omval 13 1096AA Amsterdam
aanvraag,2026-02-12,eerste laurierdwarsstraat 24-h 1016pz amsterdam,,gmb-2026-64047,Aanvraag onttrekkingsvergunning van woonruimte voor een tweede woning Eerste Laurierdwarsstraat 24-H 1016PZ Amsterdam
aanvraag,2026-02-12,passeerdersgracht 34-1 1016xh amsterdam,,gmb-2026-63347,Aanvraag onttrekkingsvergunning van woonruimte voor een tweede woning Passeerdersgracht 34-1 1016XH Amsterdam
aanvraag,2026-02-12,brouwersgracht 70-3 1013gx amsterdam,,gmb-2026-63634,Aanvraag onttrekkingsvergunning van woonruimte voor een tweede woning Brouwersgracht 70-3 1013GX Amsterdam
verleend,2026-02-12,brouwersgracht 70-3 1013gx amsterdam,,gmb-2026-63704,Besluit onttrekkingsvergunning van woonruimte voor een tweede woning verleend Brouwersgracht 70-3 1013GX Amsterdam
verleend,2026-02-12,passeerdersgracht 34-1 1016xh amsterdam,,gmb-2026-63394,Besluit onttrekkingsvergunning van woonruimte voor een tweede woning verleend Passeerdersgracht 34-1 1016XH Amsterdam
verleend,2026-02-12,omval 48 1096hv amsterdam,,gmb-2026-64735,Besluit onttrekkingsvergunning van woonruimte voor een tweede woning verleend Omval 48 1096HV Amsterdam
verleend,2026-02-12,van breestraat 117c 1071zk amsterdam,,gmb-2026-63433,Besluit onttrekkingsvergunning van woonruimte voor een tweede woning verleend Van Breestraat 117C 1071ZK Amsterdam
verleend,2026-02-12,kerkstraat 112 1017gp amsterdam,,gmb-2026-63789,Besluit onttrekkingsvergunning van woonruimte voor een tweede woning verleend Kerkstraat 112 1017GP Amsterdam
verleend,2026-02-12,van eeghenstraat 23-h 1071et amsterdam,,gmb-2026-63626,Besluit onttrekkingsvergunning van woonruimte voor een tweede woning verleend Van Eeghenstraat 23-H 1071ET Amsterdam
verleend,2026-02-12,eerste laurierdwarsstraat 24-h 1016pz amsterdam,,gmb-2026-65179,Besluit onttrekkingsvergunning van woonruimte voor een tweede woning verleend Eerste Laurierdwarsstraat 24-H 1016PZ Amsterdam
verleend,2026-02-12,blasiusstraat 113-1 1091cp amsterdam,,gmb-2026-63196,Besluit onttrekkingsvergunning van woonruimte voor een tweede woning verleend Blasiusstraat 113-1 1091CP Amsterdam
aanvraag,2026-02-13,prinsengracht 349k 1016hk amsterdam,,gmb-2026-68074,Aanvraag onttrekkingsvergunning van woonruimte voor een tweede woning Prinsengracht 349K 1016HK Amsterdam
aanvraag,2026-02-13,entrepotdok 138 1018ad amsterdam,,gmb-2026-66447,Aanvraag onttrekkingsvergunning van woonruimte voor een tweede woning Entrepotdok 138 1018AD Amsterdam
aanvraag,2026-02-13,sarphatistraat 702 1018av amsterdam,,gmb-2026-68126,Aanvraag onttrekkingsvergunning van woonruimte voor een tweede woning Sarphatistraat 702 1018AV Amsterdam
aanvraag,2026-02-13,veemkade 298 1019hd amsterdam,,gmb-2026-65951,Aanvraag onttrekkingsvergunning van woonruimte voor een tweede woning Veemkade 298 1019HD Amsterdam
aanvraag,2026-02-13,nieuwe kerkstraat 38-h 1018ec amsterdam,,gmb-2026-66303,Aanvraag onttrekkingsvergunning van woonruimte voor een tweede woning Nieuwe Kerkstraat 38-H 1018EC Amsterdam
aanvraag,2026-02-13,bloemgracht 62 1015tl amsterdam,,gmb-2026-67295,Aanvraag onttrekkingsvergunning van woonruimte voor een tweede woning Bloemgracht 62 1015TL Amsterdam
verleend,2026-02-13,sarphatistraat 702 1018av amsterdam,,gmb-2026-68142,Besluit onttrekkingsvergunning van woonruimte voor een tweede woning verleend Sarphatistraat 702 1018AV Amsterdam
verleend,2026-02-13,bloemgracht 62 1015tl amsterdam,,gmb-2026-67805,Besluit onttrekkingsvergunning van woonruimte voor een tweede woning verleend Bloemgracht 62 1015TL Amsterdam
verleend,2026-02-13,entrepotdok 138 1018ad amsterdam,,gmb-2026-66497,Besluit onttrekkingsvergunning van woonruimte voor een tweede woning verleend Entrepotdok 138 1018AD Amsterdam
verleend,2026-02-13,prinsengracht 349k 1016hk amsterdam,,gmb-2026-68119,Besluit onttrekkingsvergunning van woonruimte voor een tweede woning verleend Prinsengracht 349K 1016HK Amsterdam
verleend,2026-02-13,nieuwe kerkstraat 38-h 1018ec amsterdam,,gmb-2026-66424,Besluit onttrekkingsvergunning van woonruimte voor een tweede woning verleend Nieuwe Kerkstraat 38-H 1018EC Amsterdam
aanvraag,2026-02-16,oostelijke handelskade 1101 1019dn amsterdam,,gmb-2026-70273,Aanvraag onttrekkingsvergunning van woonruimte voor een tweede woning Oostelijke Handelskade 1101 1019DN Amsterdam
aanvraag,2026-02-16,omval 275 1096hr amsterdam,,gmb-2026-70285,Aanvraag onttrekkingsvergunning van woonruimte voor een tweede woning Omval 275 1096HR Amsterdam
verleend,2026-02-16,keizersgracht 172 1015cz amsterdam,,gmb-2026-69083,Besluit onttrekkingsvergunning van woonruimte voor een tweede woning verleend Keizersgracht 172 1015CZ Amsterdam
geweigerd,2026-02-16,herengracht 310d 1016cd amsterdam,,gmb-2026-69251,Besluit onttrekkingsvergunning van woonruimte voor een tweede woning geweigerd Herengracht 310D 1016CD Amsterdam
verleend,2026-02-16,haarlemmer houttuinen 31e 1013gl amsterdam,,gmb-2026-70710,Besluit onttrekkingsvergunning van woonruimte voor een tweede woning verleend Haarlemmer Houttuinen 31E 1013GL Amsterdam
aanvraag,2026-02-17,wijttenbachstraat 56-1 1093je amsterdam,,gmb-2026-72491,Aanvraag onttrekkingsvergunning van woonruimte voor een tweede woning Wijttenbachstraat 56-1 1093JE Amsterdam
aanvraag,2026-02-17,"professor j.h. gunningstraat 73, 1068 ms amsterdam",,gmb-2026-71582,"Aanvraag onttrekkingsvergunning van woonruimte voor een tweede woning Professor J.H. Gunningstraat 73, 1068 MS Amsterdam"
aanvraag,2026-02-17,hagedoornplein 20 1031bv amsterdam,,gmb-2026-71616,Aanvraag onttrekkingsvergunning van woonruimte voor een tweede woning Hagedoornplein 20 1031BV Amsterdam
aanvraag,2026-02-17,wamelstraat 80 1106dm amsterdam,,gmb-2026-72323,Aanvraag onttrekkingsvergunning van woonruimte voor een tweede woning Wamelstraat 80 1106DM Amsterdam
verleend,2026-02-17,cornelis schuytstraat 7-1 1071jc amsterdam,,gmb-2026-71867,Besluit onttrekkingsvergunning van woonruimte voor een tweede woning verleend Cornelis Schuytstraat 7-1 1071JC Amsterdam
besluit_overig,2026-02-17,jozef israëlskade 36d 1072rx amsterdam,,gmb-2026-71902,Besluit onttrekkingsvergunning van woonruimte voor een tweede woning  Jozef Israëlskade 36D 1072RX Amsterdam
besluit_overig,2026-02-17,dora tamanaplein 59 1074jl amsterdam,,gmb-2026-72529,Besluit onttrekkingsvergunning van woonruimte voor een tweede woning  Dora Tamanaplein 59 1074JL Amsterdam
besluit_overig,2026-02-17,frans van mierisstraat 131-2 1071rr amsterdam,,gmb-2026-72488,Besluit onttrekkingsvergunning van woonruimte voor een tweede woning  Frans van Mierisstraat 131-2 1071RR Amsterdam
besluit_overig,2026-02-17,henrick de keijserplein 10-1 1073sx amsterdam,,gmb-2026-72407,Besluit onttrekkingsvergunning van woonruimte voor een tweede woning  Henrick de Keijserplein 10-1 1073SX Amsterdam
verleend,2026-02-18,welnastraat 519 1096gj amsterdam,,gmb-2026-74100,Besluit onttrekkingsvergunning van woonruimte voor een tweede woning verleend Welnastraat 519 1096GJ Amsterdam
verleend,2026-02-18,papaverhof 16c 1032lx amsterdam,,gmb-2026-74608,Besluit onttrekkingsvergunning van woonruimte voor een tweede woning verleend Papaverhof 16C 1032LX Amsterdam
verleend,2026-02-18,ridderspoorweg 166 1032ll amsterdam,,gmb-2026-73516,Besluit onttrekkingsvergunning van woonruimte voor een tweede woning verleend Ridderspoorweg 166 1032LL Amsterdam
verleend,2026-02-18,eerste amstelvlietpad 60 1096gb amsterdam,,gmb-2026-74141,Besluit onttrekkingsvergunning van woonruimte voor een tweede woning verleend Eerste Amstelvlietpad 60 1096GB Amsterdam
verleend,2026-02-18,veembroederhof 172 1019hc amsterdam,,gmb-2026-74163,Besluit onttrekkingsvergunning van woonruimte voor een tweede woning verleend Veembroederhof 172 1019HC Amsterdam
verleend,2026-02-18,soesterberghof 26 1107gn amsterdam,,gmb-2026-75044,Besluit onttrekkingsvergunning van woonruimte voor een tweede woning verleend Soesterberghof 26 1107GN Amsterdam
verleend,2026-02-18,wamelstraat 80 1106dm amsterdam,,gmb-2026-75288,Besluit onttrekkingsvergunning van woonruimte voor een tweede woning verleend Wamelstraat 80 1106DM Amsterdam
aanvraag,2026-02-19,plantage westermanlaan 7a 1018dk amsterdam,,gmb-2026-77547,Aanvraag onttrekkingsvergunning van woonruimte voor een tweede woning Plantage Westermanlaan 7A 1018DK Amsterdam
aanvraag,2026-02-19,oosterpark 60d 1092ar amsterdam,,gmb-2026-76936,Aanvraag onttrekkingsvergunning van woonruimte voor een tweede woning Oosterpark 60D 1092AR Amsterdam
aanvraag,2026-02-19,kerkstraat 322g 1017hc amsterdam,,gmb-2026-77738,Aanvraag onttrekkingsvergunning van woonruimte voor een tweede woning Kerkstraat 322G 1017HC Amsterdam
aanvraag,2026-02-19,runstraat 11-1 1016gj amsterdam,,gmb-2026-77657,Aanvraag onttrekkingsvergunning van woonruimte voor een tweede woning Runstraat 11-1 1016GJ Amsterdam
verleend,2026-02-19,bogortuin 77 1019pe amsterdam,,gmb-2026-76909,Besluit onttrekkingsvergunning van woonruimte voor een tweede woning verleend Bogortuin 77 1019PE Amsterdam
verleend,2026-02-19,runstraat 11-1 1016gj amsterdam,,gmb-2026-77724,Besluit onttrekkingsvergunning van woonruimte voor een tweede woning verleend Runstraat 11-1 1016GJ Amsterdam
verleend,2026-02-19,kerkstraat 322g 1017hc amsterdam,,gmb-2026-77813,Besluit onttrekkingsvergunning van woonruimte voor een tweede woning verleend Kerkstraat 322G 1017HC Amsterdam
verleend,2026-02-19,"professor j.h. gunningstraat 73, 1068ms amsterdam",,gmb-2026-77471,"Besluit onttrekkingsvergunning van woonruimte voor een tweede woning verleend Professor J.H. Gunningstraat 73, 1068MS Amsterdam"
verleend,2026-02-19,plantage westermanlaan 7a 1018dk amsterdam,,gmb-2026-77599,Besluit onttrekkingsvergunning van woonruimte voor een tweede woning verleend Plantage Westermanlaan 7A 1018DK Amsterdam
besluit_overig,2026-02-19,besluit omgevingsvergunning reguliere procedure jan van zutphenstraat 599 1069rs amsterdam,,gmb-2026-77327,Besluit omgevingsvergunning reguliere procedure  Jan van Zutphenstraat 599 1069RS Amsterdam
verleend,2026-02-20,johan jongkindstraat 154 1062dk amsterdam,,gmb-2026-79442,Besluit onttrekkingsvergunning van woonruimte voor een tweede woning verleend Johan Jongkindstraat 154 1062DK Amsterdam
verleend,2026-02-20,sausalitolaan 116 1031ke amsterdam,,gmb-2026-79024,Besluit onttrekkingsvergunning van woonruimte voor een tweede woning verleend Sausalitolaan 116 1031KE Amsterdam
verleend,2026-02-20,sausalitolaan 116 1031ke amsterdam,,gmb-2026-79286,Besluit onttrekkingsvergunning van woonruimte voor een tweede woning verleend Sausalitolaan 116 1031KE Amsterdam
besluit_overig,2026-02-23,gerrit van der veenstraat 86-3 1077el amsterdam,Z2026-000794,gmb-2026-82416,Besluit onttrekkingsvergunning van woonruimte voor een tweede woning  Gerrit van der Veenstraat 86-3 1077EL Amsterdam
verleend,2026-02-23,cruquiusweg 101m 1019ag amsterdam,,gmb-2026-81083,Besluit onttrekkingsvergunning van woonruimte voor een tweede woning verleend Cruquiusweg 101M 1019AG Amsterdam
besluit_overig,2026-02-23,amsteldijk 37c 1074hv amsterdam,Z2026-000713,gmb-2026-82393,Besluit onttrekkingsvergunning van woonruimte voor een tweede woning  Amsteldijk 37C 1074HV Amsterdam
besluit_overig,2026-02-23,apollolaan 193f 1077aw amsterdam,Z2026-000803,gmb-2026-82438,Besluit onttrekkingsvergunning van woonruimte voor een tweede woning  Apollolaan 193F 1077AW Amsterdam
verleend,2026-02-23,cruquiusweg 101m 1019ag amsterdam,,gmb-2026-81079,Besluit onttrekkingsvergunning van woonruimte voor een tweede woning verleend Cruquiusweg 101M 1019AG Amsterdam
verleend,2026-02-23,cruquiusweg 101m 1019ag amsterdam,,gmb-2026-81073,Besluit onttrekkingsvergunning van woonruimte voor een tweede woning verleend Cruquiusweg 101M 1019AG Amsterdam
aanvraag,2026-02-23,aanvraag omgevingsvergunning andreasplein 103 1058gd amsterdam,,gmb-2026-81703,Aanvraag omgevingsvergunning Andreasplein 103 1058GD Amsterdam
besluit_overig,2026-02-24,frans van mierisstraat 30-2 1071rt amsterdam,,gmb-2026-84581,Besluit onttrekkingsvergunning van woonruimte voor een tweede woning  Frans van Mierisstraat 30-2 1071RT Amsterdam
besluit_overig,2026-02-24,stadionkade 14-3 1077vj amsterdam,,gmb-2026-84562,Besluit onttrekkingsvergunning van woonruimte voor een tweede woning  Stadionkade 14-3 1077VJ Amsterdam
besluit_overig,2026-02-24,eerste jan van der heijdenstraat 20-3 1072tt amsterdam,,gmb-2026-84569,Besluit onttrekkingsvergunning van woonruimte voor een tweede woning  Eerste Jan van der Heijdenstraat 20-3 1072TT Amsterdam
verleend,2026-02-25,besluit omgevingsvergunning reguliere procedure verleend jan van zutphenstraat 599 1069rs amsterdam,,gmb-2026-85474,Besluit omgevingsvergunning reguliere procedure verleend Jan van Zutphenstraat 599 1069RS Amsterdam
aanvraag,2026-02-26,van hogendorpstraat 143-h 1051bm amsterdam,,gmb-2026-88713,Aanvraag onttrekkingsvergunning van woonruimte voor een tweede woning Van Hogendorpstraat 143-H 1051BM Amsterdam
aanvraag,2026-02-26,jan hanzenstraat 127 1053sp amsterdam,,gmb-2026-88232,Aanvraag onttrekkingsvergunning van woonruimte voor een tweede woning Jan Hanzenstraat 127 1053SP Amsterdam
aanvraag,2026-02-26,borgerstraat 202-3 1053rd amsterdam,,gmb-2026-88087,Aanvraag onttrekkingsvergunning van woonruimte voor een tweede woning Borgerstraat 202-3 1053RD Amsterdam
aanvraag,2026-02-26,bilderdijkkade 50d-3 1053vn amsterdam,,gmb-2026-89586,Aanvraag onttrekkingsvergunning van woonruimte voor een tweede woning Bilderdijkkade 50D-3 1053VN Amsterdam
aanvraag,2026-02-26,nassaukade 59-h 1052cp amsterdam,,gmb-2026-89327,Aanvraag onttrekkingsvergunning van woonruimte voor een tweede woning Nassaukade 59-H 1052CP Amsterdam
aanvraag,2026-02-26,haarlemmerweg 426 1014bl amsterdam,,gmb-2026-89492,Aanvraag onttrekkingsvergunning van woonruimte voor een tweede woning Haarlemmerweg 426 1014BL Amsterdam
aanvraag,2026-02-26,nassaukade 115-1 1052ea amsterdam,,gmb-2026-89146,Aanvraag onttrekkingsvergunning van woonruimte voor een tweede woning Nassaukade 115-1 1052EA Amsterdam
aanvraag,2026-02-26,kanaalstraat 50-h 1054xk amsterdam,,gmb-2026-88878,Aanvraag onttrekkingsvergunning van woonruimte voor een tweede woning Kanaalstraat 50-H 1054XK Amsterdam
verleend,2026-02-26,borgerstraat 202-3 1053rd amsterdam,,gmb-2026-89654,Besluit onttrekkingsvergunning van woonruimte voor een tweede woning verleend Borgerstraat 202-3 1053RD Amsterdam
besluit_overig,2026-02-26,rondeel 54 1083me amsterdam,Z2026-000974,gmb-2026-88772,Besluit onttrekkingsvergunning van woonruimte voor een tweede woning  Rondeel 54 1083ME Amsterdam
besluit_overig,2026-02-26,rondeel 54 1083me amsterdam,,gmb-2026-88754,Besluit onttrekkingsvergunning van woonruimte voor een tweede woning  Rondeel 54 1083ME Amsterdam
besluit_overig,2026-02-26,beethovenstraat 38-3 1077jj amsterdam,Z2026-000969,gmb-2026-88723,Besluit onttrekkingsvergunning van woonruimte voor een tweede woning  Beethovenstraat 38-3 1077JJ Amsterdam
verleend,2026-02-26,van hogendorpstraat 143-h 1051bm amsterdam,,gmb-2026-89677,Besluit onttrekkingsvergunning van woonruimte voor een tweede woning verleend Van Hogendorpstraat 143-H 1051BM Amsterdam
besluit_overig,2026-02-26,rondeel 54 1083me amsterdam,Z2026-000974,gmb-2026-88756,Besluit onttrekkingsvergunning van woonruimte voor een tweede woning  Rondeel 54 1083ME Amsterdam
besluit_overig,2026-02-26,beethovenstraat 38-3 1077jj amsterdam,Z2026-000969,gmb-2026-88719,Besluit onttrekkingsvergunning van woonruimte voor een tweede woning  Beethovenstraat 38-3 1077JJ Amsterdam
aanvraag,2026-02-27,palmstraat 3-h 1015hp amsterdam,,gmb-2026-90730,Aanvraag onttrekkingsvergunning van woonruimte voor een tweede woning Palmstraat 3-H 1015HP Amsterdam
aanvraag,2026-02-27,roemer visscherstraat 14-4 1054ex amsterdam,,gmb-2026-92270,Aanvraag onttrekkingsvergunning van woonruimte voor een tweede woning Roemer Visscherstraat 14-4 1054EX Amsterdam
aanvraag,2026-02-27,aaf bouberstraat 146 1065lw amsterdam,,gmb-2026-92126,Aanvraag onttrekkingsvergunning van woonruimte voor een tweede woning Aaf Bouberstraat 146 1065LW Amsterdam
aanvraag,2026-02-27,korte geuzenstraat 308 1056kv amsterdam,,gmb-2026-92090,Aanvraag onttrekkingsvergunning van woonruimte voor een tweede woning Korte Geuzenstraat 308 1056KV Amsterdam
verleend,2026-02-27,kanaalstraat 50-h 1054xk amsterdam,,gmb-2026-91894,Besluit onttrekkingsvergunning van woonruimte voor een tweede woning verleend Kanaalstraat 50-H 1054XK Amsterdam
verleend,2026-02-27,bilderdijkkade 50d-3 1053vn amsterdam,,gmb-2026-92202,Besluit onttrekkingsvergunning van woonruimte voor een tweede woning verleend Bilderdijkkade 50D-3 1053VN Amsterdam
verleend,2026-02-27,nassaukade 115-1 1052ea amsterdam,,gmb-2026-91935,Besluit onttrekkingsvergunning van woonruimte voor een tweede woning verleend Nassaukade 115-1 1052EA Amsterdam
verleend,2026-02-27,jan hanzenstraat 127 1053sp amsterdam,,gmb-2026-91815,Besluit onttrekkingsvergunning van woonruimte voor een tweede woning verleend Jan Hanzenstraat 127 1053SP Amsterdam
verleend,2026-02-27,haarlemmerweg 426 1014bl amsterdam,,gmb-2026-92180,Besluit onttrekkingsvergunning van woonruimte voor een tweede woning verleend Haarlemmerweg 426 1014BL Amsterdam
verleend,2026-02-27,nassaukade 59-h 1052cp amsterdam,,gmb-2026-92161,Besluit onttrekkingsvergunning van woonruimte voor een tweede woning verleend Nassaukade 59-H 1052CP Amsterdam
aanvraag,2026-03-02,faradaystraat 7-1 1098nm amsterdam,,gmb-2026-93258,Aanvraag onttrekkingsvergunning van woonruimte voor een tweede woning Faradaystraat 7-1 1098NM Amsterdam
aanvraag,2026-03-02,egelantiersgracht 85-2 1015re amsterdam,,gmb-2026-93191,Aanvraag onttrekkingsvergunning van woonruimte voor een tweede woning Egelantiersgracht 85-2 1015RE Amsterdam
verleend,2026-03-02,commelinstraat 4-2 1093tr amsterdam,,gmb-2026-94050,Besluit onttrekkingsvergunning van woonruimte voor een tweede woning verleend Commelinstraat 4-2 1093TR Amsterdam
verleend,2026-03-02,palmstraat 3-h 1015hp amsterdam,,gmb-2026-93174,Besluit onttrekkingsvergunning van woonruimte voor een tweede woning verleend Palmstraat 3-H 1015HP Amsterdam
besluit_overig,2026-03-02,", andreasplein 103 1058gd amsterdam",,gmb-2026-93298,"Besluit onttrekkingsvergunning voor een tweede woning, Andreasplein 103 1058GD Amsterdam"
verleend,2026-03-02,egelantiersgracht 85-2 1015re amsterdam,,gmb-2026-93260,Besluit onttrekkingsvergunning van woonruimte voor een tweede woning verleend Egelantiersgracht 85-2 1015RE Amsterdam
aanvraag,2026-03-03,groen van prinstererstraat 41e 1051eh amsterdam,,gmb-2026-97050,Aanvraag onttrekkingsvergunning van woonruimte voor een tweede woning Groen van Prinstererstraat 41E 1051EH Amsterdam
aanvraag,2026-03-03,ter haarstraat 29b 1053lh amsterdam,,gmb-2026-97045,Aanvraag onttrekkingsvergunning van woonruimte voor een tweede woning Ter Haarstraat 29B 1053LH Amsterdam
aanvraag,2026-03-03,van hallstraat 701a 1051je amsterdam,,gmb-2026-97049,Aanvraag onttrekkingsvergunning van woonruimte voor een tweede woning Van Hallstraat 701A 1051JE Amsterdam
aanvraag,2026-03-03,bestevâerstraat 183-4 1055tl amsterdam,,gmb-2026-97043,Aanvraag onttrekkingsvergunning van woonruimte voor een tweede woning Bestevâerstraat 183-4 1055TL Amsterdam
aanvraag,2026-03-03,ingetrokken ijdoornlaan 251t-1 1024km amsterdam,,gmb-2026-96061,Aanvraag vergunning voor een tweede woning ingetrokken IJdoornlaan 251T-1 1024KM Amsterdam
aanvraag,2026-03-04,dirk van hasseltssteeg 30d 1012ne amsterdam,,gmb-2026-98967,Aanvraag onttrekkingsvergunning van woonruimte voor een tweede woning Dirk van Hasseltssteeg 30D 1012NE Amsterdam
aanvraag,2026-03-04,bloemgracht 193b 1016kp amsterdam,,gmb-2026-98672,Aanvraag onttrekkingsvergunning van woonruimte voor een tweede woning Bloemgracht 193B 1016KP Amsterdam
aanvraag,2026-03-04,bonaireplein 6a-2 1058xb amsterdam,,gmb-2026-97067,Aanvraag onttrekkingsvergunning van woonruimte voor een tweede woning Bonaireplein 6A-2 1058XB Amsterdam
aanvraag,2026-03-04,j.j. cremerplein 24-2 1054tl amsterdam,,gmb-2026-97068,Aanvraag onttrekkingsvergunning van woonruimte voor een tweede woning J.J. Cremerplein 24-2 1054TL Amsterdam
aanvraag,2026-03-04,maassluisstraat 41 1062ga amsterdam,,gmb-2026-99570,Aanvraag onttrekkingsvergunning van woonruimte voor een tweede woning Maassluisstraat 41 1062GA Amsterdam
verleend,2026-03-04,bloemgracht 193b 1016kp amsterdam,,gmb-2026-98840,Besluit onttrekkingsvergunning van woonruimte voor een tweede woning verleend Bloemgracht 193B 1016KP Amsterdam
verleend,2026-03-04,dirk van hasseltssteeg 30d 1012ne amsterdam,,gmb-2026-99363,Besluit onttrekkingsvergunning van woonruimte voor een tweede woning verleend Dirk van Hasseltssteeg 30D 1012NE Amsterdam
verleend,2026-03-04,vijfde vogelstraat 11 1022xd amsterdam,,gmb-2026-98856,Besluit onttrekkingsvergunning van woonruimte voor een tweede woning verleend Vijfde Vogelstraat 11 1022XD Amsterdam
verleend,2026-03-04,bankwerkerij 1 1021ns amsterdam,,gmb-2026-99196,Besluit onttrekkingsvergunning van woonruimte voor een tweede woning verleend Bankwerkerij 1 1021NS Amsterdam
aanvraag,2026-03-05,rhijnvis feithstraat 12-1 1054tx amsterdam,,gmb-2026-101839,Aanvraag onttrekkingsvergunning van woonruimte voor een tweede woning Rhijnvis Feithstraat 12-1 1054TX Amsterdam
aanvraag,2026-03-05,westerdok 57 1013az amsterdam,,gmb-2026-100550,Aanvraag onttrekkingsvergunning van woonruimte voor een tweede woning Westerdok 57 1013AZ Amsterdam
aanvraag,2026-03-05,postjeskade 163-1 1058dr amsterdam,,gmb-2026-102318,Aanvraag onttrekkingsvergunning van woonruimte voor een tweede woning Postjeskade 163-1 1058DR Amsterdam
aanvraag,2026-03-05,plantage muidergracht 57a 1018tm amsterdam,,gmb-2026-101809,Aanvraag onttrekkingsvergunning van woonruimte voor een tweede woning Plantage Muidergracht 57A 1018TM Amsterdam
aanvraag,2026-03-05,zocherstraat 23v 1054lr amsterdam,,gmb-2026-102327,Aanvraag onttrekkingsvergunning van woonruimte voor een tweede woning Zocherstraat 23V 1054LR Amsterdam
aanvraag,2026-03-05,spaarndammerstraat 66-1 1013sz amsterdam,,gmb-2026-102334,Aanvraag onttrekkingsvergunning van woonruimte voor een tweede woning Spaarndammerstraat 66-1 1013SZ Amsterdam
verleend,2026-03-05,j.j. cremerplein 24-2 1054tl amsterdam,,gmb-2026-101579,Besluit onttrekkingsvergunning van woonruimte voor een tweede woning verleend J.J. Cremerplein 24-2 1054TL Amsterdam
verleend,2026-03-05,bonaireplein 6a-2 1058xb amsterdam,,gmb-2026-101230,Besluit onttrekkingsvergunning van woonruimte voor een tweede woning verleend Bonaireplein 6A-2 1058XB Amsterdam
verleend,2026-03-05,roemer visscherstraat 14-4 1054ex amsterdam,,gmb-2026-100253,Besluit onttrekkingsvergunning van woonruimte voor een tweede woning verleend Roemer Visscherstraat 14-4 1054EX Amsterdam
verleend,2026-03-05,van hallstraat 701a 1051je amsterdam,,gmb-2026-100741,Besluit onttrekkingsvergunning van woonruimte voor een tweede woning verleend Van Hallstraat 701A 1051JE Amsterdam
verleend,2026-03-05,ter haarstraat 29b 1053lh amsterdam,,gmb-2026-100469,Besluit onttrekkingsvergunning van woonruimte voor een tweede woning verleend Ter Haarstraat 29B 1053LH Amsterdam
besluit_overig,2026-03-05,kastelenstraat 99-1 1082ea amsterdam,,gmb-2026-100634,Besluit onttrekkingsvergunning van woonruimte voor een tweede woning  Kastelenstraat 99-1 1082EA Amsterdam
verleend,2026-03-05,korte geuzenstraat 308 1056kv amsterdam,,gmb-2026-100222,Besluit onttrekkingsvergunning van woonruimte voor een tweede woning verleend Korte Geuzenstraat 308 1056KV Amsterdam
verleend,2026-03-05,bestevâerstraat 183-4 1055tl amsterdam,,gmb-2026-100425,Besluit onttrekkingsvergunning van woonruimte voor een tweede woning verleend Bestevâerstraat 183-4 1055TL Amsterdam
verleend,2026-03-05,johannes vermeerstraat 50-3 1071dt amsterdam,,gmb-2026-101119,Besluit onttrekkingsvergunning van woonruimte voor een tweede woning verleend Johannes Vermeerstraat 50-3 1071DT Amsterdam
verleend,2026-03-05,groen van prinstererstraat 41e 1051eh amsterdam,,gmb-2026-100800,Besluit onttrekkingsvergunning van woonruimte voor een tweede woning verleend Groen van Prinstererstraat 41E 1051EH Amsterdam
verleend,2026-03-05,plantage muidergracht 57a 1018tm amsterdam,,gmb-2026-102251,Besluit onttrekkingsvergunning van woonruimte voor een tweede woning verleend Plantage Muidergracht 57A 1018TM Amsterdam
besluit_overig,2026-03-05,westlandgracht 223-2 1059tp amsterdam,,gmb-2026-100618,Besluit onttrekkingsvergunning van woonruimte voor een tweede woning  Westlandgracht 223-2 1059TP Amsterdam
aanvraag,2026-03-06,céramiquelaan 15 1031kg amsterdam,,gmb-2026-104168,Aanvraag onttrekkingsvergunning van woonruimte voor een tweede woning Céramiquelaan 15 1031KG Amsterdam
aanvraag,2026-03-06,bloemgracht 158d-2 1015tt amsterdam (rectificatie),,gmb-2026-104514,Aanvraag onttrekkingsvergunning van woonruimte voor een tweede woning Bloemgracht 158D-2 1015TT Amsterdam (rectificatie)
aanvraag,2026-03-06,aanvraag onttrekkingsvergunning van woonruimten voor ander gebruik bloemgracht 158d-2 1015tt amsterdam,,gmb-2026-103760,Aanvraag onttrekkingsvergunning van woonruimten voor ander gebruik Bloemgracht 158D-2 1015TT Amsterdam
verleend,2026-03-06,hagedoornplein 20 1031bv amsterdam,,gmb-2026-104491,Besluit onttrekkingsvergunning van woonruimte voor een tweede woning verleend Hagedoornplein 20 1031BV Amsterdam
verleend,2026-03-06,bloemgracht 158d-2 1015tt amsterdam,,gmb-2026-104525,Besluit onttrekkingsvergunning van woonruimte voor een tweede woning verleend Bloemgracht 158D-2 1015TT Amsterdam
verleend,2026-03-06,rademakerstraat 638 1096gs amsterdam,,gmb-2026-104202,Besluit onttrekkingsvergunning van woonruimte voor een tweede woning verleend Rademakerstraat 638 1096GS Amsterdam
aanvraag,2026-03-09,postjeskade 163-1 1058dr amsterdam,,gmb-2026-107863,Aanvraag onttrekkingsvergunning van woonruimte voor een tweede woning Postjeskade 163-1 1058DR Amsterdam
verleend,2026-03-09,bella vistastraat 256 1096gm amsterdam,,gmb-2026-107624,Besluit onttrekkingsvergunning van woonruimte voor een tweede woning verleend Bella Vistastraat 256 1096GM Amsterdam
verleend,2026-03-09,minervalaan 89-2 1077nt amsterdam,,gmb-2026-107916,Besluit onttrekkingsvergunning van woonruimte voor een tweede woning verleend Minervalaan 89-2 1077NT Amsterdam
verleend,2026-03-09,mr. p.n. arntzeniusweg 1-2 1098gj amsterdam,,gmb-2026-107644,Besluit onttrekkingsvergunning van woonruimte voor een tweede woning verleend Mr. P.N. Arntzeniusweg 1-2 1098GJ Amsterdam
verleend,2026-03-09,postjeskade 163-1 1058dr amsterdam,,gmb-2026-107919,Besluit onttrekkingsvergunning van woonruimte voor een tweede woning verleend Postjeskade 163-1 1058DR Amsterdam
verleend,2026-03-09,rhijnvis feithstraat 12-1 1054tx amsterdam,,gmb-2026-107786,Besluit onttrekkingsvergunning van woonruimte voor een tweede woning verleend Rhijnvis Feithstraat 12-1 1054TX Amsterdam
besluit_overig,2026-03-09,valeriusstraat 46-2 1071mk amsterdam,,gmb-2026-106164,Besluit onttrekkingsvergunning van woonruimte voor een tweede woning  Valeriusstraat 46-2 1071MK Amsterdam
aanvraag,2026-03-10,pieter langendijkstraat 28-2 1054zb amsterdam,,gmb-2026-110403,Aanvraag onttrekkingsvergunning van woonruimte voor een tweede woning Pieter Langendijkstraat 28-2 1054ZB Amsterdam
aanvraag,2026-03-10,da costastraat 73-3 1053zg amsterdam,,gmb-2026-110410,Aanvraag onttrekkingsvergunning van woonruimte voor een tweede woning Da Costastraat 73-3 1053ZG Amsterdam
verleend,2026-03-10,bella vistastraat 200 1096gm amsterdam,,gmb-2026-109543,Besluit onttrekkingsvergunning van woonruimte voor een tweede woning verleend Bella Vistastraat 200 1096GM Amsterdam
verleend,2026-03-10,oostelijke handelskade 1127 1019dn amsterdam,,gmb-2026-109139,Besluit onttrekkingsvergunning van woonruimte voor een tweede woning verleend Oostelijke Handelskade 1127 1019DN Amsterdam
verleend,2026-03-10,bella vistastraat 210 1096gm amsterdam,,gmb-2026-109146,Besluit onttrekkingsvergunning van woonruimte voor een tweede woning verleend Bella Vistastraat 210 1096GM Amsterdam
verleend,2026-03-10,c. van eesterenlaan 416 1019ke amsterdam,,gmb-2026-109140,Besluit onttrekkingsvergunning van woonruimte voor een tweede woning verleend C. van Eesterenlaan 416 1019KE Amsterdam
verleend,2026-03-10,bertrand russellstraat 90 1097hl amsterdam,,gmb-2026-109153,Besluit onttrekkingsvergunning van woonruimte voor een tweede woning verleend Bertrand Russellstraat 90 1097HL Amsterdam
verleend,2026-03-10,omval 147 1096aa amsterdam,,gmb-2026-109604,Besluit onttrekkingsvergunning van woonruimte voor een tweede woning verleend Omval 147 1096AA Amsterdam
verleend,2026-03-10,haringbuisdijk 493 1086va amsterdam,,gmb-2026-109136,Besluit onttrekkingsvergunning van woonruimte voor een tweede woning verleend Haringbuisdijk 493 1086VA Amsterdam
aanvraag,2026-03-11,madurastraat 8b 1094gl amsterdam,,gmb-2026-112591,Aanvraag onttrekkingsvergunning van woonruimte voor een tweede woning Madurastraat 8B 1094GL Amsterdam
aanvraag,2026-03-11,spaarndammerstraat 66-1 1013sz amsterdam,,gmb-2026-112103,Aanvraag onttrekkingsvergunning van woonruimte voor een tweede woning Spaarndammerstraat 66-1 1013SZ Amsterdam
aanvraag,2026-03-11,zoutkeetsgracht 284 1013lc amsterdam,,gmb-2026-112624,Aanvraag onttrekkingsvergunning van woonruimte voor een tweede woning Zoutkeetsgracht 284 1013LC Amsterdam
aanvraag,2026-03-11,zocherstraat 23v 1054lr amsterdam,,gmb-2026-110800,Aanvraag onttrekkingsvergunning van woonruimte voor een tweede woning Zocherstraat 23V 1054LR Amsterdam
verleend,2026-03-11,spaarndammerstraat 66-1 1013sz amsterdam,,gmb-2026-112362,Besluit onttrekkingsvergunning van woonruimte voor een tweede woning verleend Spaarndammerstraat 66-1 1013SZ Amsterdam
verleend,2026-03-11,zoutkeetsgracht 284 1013lc amsterdam,,gmb-2026-112924,Besluit onttrekkingsvergunning van woonruimte voor een tweede woning verleend Zoutkeetsgracht 284 1013LC Amsterdam
verleend,2026-03-11,zocherstraat 23v 1054lr amsterdam,,gmb-2026-111597,Besluit onttrekkingsvergunning van woonruimte voor een tweede woning verleend Zocherstraat 23V 1054LR Amsterdam
aanvraag,2026-03-12,admiraal de ruijterweg 91-1 1056et amsterdam,,gmb-2026-115101,Aanvraag onttrekkingsvergunning van woonruimte voor een tweede woning Admiraal De Ruijterweg 91-1 1056ET Amsterdam
aanvraag,2026-03-12,da costastraat 73-3 1053zg amsterdam,,gmb-2026-114123,Aanvraag onttrekkingsvergunning van woonruimte voor een tweede woning Da Costastraat 73-3 1053ZG Amsterdam
aanvraag,2026-03-12,silodam 458 1013aw amsterdam,,gmb-2026-114618,Aanvraag onttrekkingsvergunning van woonruimte voor een tweede woning Silodam 458 1013AW Amsterdam
aanvraag,2026-03-12,lindengracht 128-3a 1015kk amsterdam,,gmb-2026-116032,Aanvraag onttrekkingsvergunning van woonruimte voor een tweede woning Lindengracht 128-3A 1015KK Amsterdam
verleend,2026-03-12,silodam 458 1013aw amsterdam,,gmb-2026-115945,Besluit onttrekkingsvergunning van woonruimte voor een tweede woning verleend Silodam 458 1013AW Amsterdam
verleend,2026-03-12,pieter langendijkstraat 28-2 1054zb amsterdam,,gmb-2026-115603,Besluit onttrekkingsvergunning van woonruimte voor een tweede woning verleend Pieter Langendijkstraat 28-2 1054ZB Amsterdam
verleend,2026-03-12,admiraal de ruijterweg 91-1 1056et amsterdam,,gmb-2026-115210,Besluit onttrekkingsvergunning van woonruimte voor een tweede woning verleend Admiraal De Ruijterweg 91-1 1056ET Amsterdam
verleend,2026-03-12,omval 13 1096aa amsterdam,,gmb-2026-115784,Besluit onttrekkingsvergunning van woonruimte voor een tweede woning verleend Omval 13 1096AA Amsterdam
verleend,2026-03-12,da costastraat 73-3 1053zg amsterdam,,gmb-2026-115918,Besluit onttrekkingsvergunning van woonruimte voor een tweede woning verleend Da Costastraat 73-3 1053ZG Amsterdam
besluit_overig,2026-03-12,saxen-weimarlaan 28-4 1075cc amsterdam,,gmb-2026-115279,Besluit onttrekkingsvergunning van woonruimte voor een tweede woning  Saxen-Weimarlaan 28-4 1075CC Amsterdam
besluit_overig,2026-03-12,johannes verhulststraat 187-2 1075gz amsterdam,,gmb-2026-114969,Besluit onttrekkingsvergunning van woonruimte voor een tweede woning  Johannes Verhulststraat 187-2 1075GZ Amsterdam
aanvraag,2026-03-13,admiraal de ruijterweg 455-1 1055mg amsterdam,,gmb-2026-116594,Aanvraag onttrekkingsvergunning van woonruimte voor een tweede woning Admiraal De Ruijterweg 455-1 1055MG Amsterdam
aanvraag,2026-03-13,keizersgracht 151c 1015cl amsterdam,,gmb-2026-118768,Aanvraag onttrekkingsvergunning van woonruimte voor een tweede woning Keizersgracht 151C 1015CL Amsterdam
aanvraag,2026-03-13,kanaalstraat 98g 1054xl amsterdam,,gmb-2026-118521,Aanvraag onttrekkingsvergunning van woonruimte voor een tweede woning Kanaalstraat 98G 1054XL Amsterdam
aanvraag,2026-03-13,prinsengracht 9 1015dk amsterdam,,gmb-2026-118238,Aanvraag onttrekkingsvergunning van woonruimte voor een tweede woning Prinsengracht 9 1015DK Amsterdam
aanvraag,2026-03-13,stadhouderskade 17k 1054es amsterdam,,gmb-2026-118169,Aanvraag onttrekkingsvergunning van woonruimte voor een tweede woning Stadhouderskade 17K 1054ES Amsterdam
aanvraag,2026-03-13,bloemstraat 26-1 1016lb amsterdam,,gmb-2026-118081,Aanvraag onttrekkingsvergunning van woonruimte voor een tweede woning Bloemstraat 26-1 1016LB Amsterdam
verleend,2026-03-13,prinsengracht 9 1015dk amsterdam,,gmb-2026-118457,Besluit onttrekkingsvergunning van woonruimte voor een tweede woning verleend Prinsengracht 9 1015DK Amsterdam
verleend,2026-03-13,admiraal de ruijterweg 455-1 1055mg amsterdam,,gmb-2026-116740,Besluit onttrekkingsvergunning van woonruimte voor een tweede woning verleend Admiraal De Ruijterweg 455-1 1055MG Amsterdam
verleend,2026-03-13,bloemstraat 26-1 1016lb amsterdam,,gmb-2026-118091,Besluit onttrekkingsvergunning van woonruimte voor een tweede woning verleend Bloemstraat 26-1 1016LB Amsterdam
verleend,2026-03-13,kanaalstraat 98g 1054xl amsterdam,,gmb-2026-118611,Besluit onttrekkingsvergunning van woonruimte voor een tweede woning verleend Kanaalstraat 98G 1054XL Amsterdam
verleend,2026-03-13,wijttenbachstraat 56-1 1093je amsterdam,,gmb-2026-118333,Besluit onttrekkingsvergunning van woonruimte voor een tweede woning verleend Wijttenbachstraat 56-1 1093JE Amsterdam
verleend,2026-03-13,stadhouderskade 17k 1054es amsterdam,,gmb-2026-118456,Besluit onttrekkingsvergunning van woonruimte voor een tweede woning verleend Stadhouderskade 17K 1054ES Amsterdam
aanvraag,2026-03-16,gerrit van der veenstraat 127b 1077dw amsterdam,,gmb-2026-120942,Aanvraag onttrekkingsvergunning van woonruimte voor een tweede woning Gerrit van der Veenstraat 127B 1077DW Amsterdam
aanvraag,2026-03-16,admiralengracht 279-1 1056ea amsterdam,,gmb-2026-120207,Aanvraag onttrekkingsvergunning van woonruimte voor een tweede woning Admiralengracht 279-1 1056EA Amsterdam
aanvraag,2026-03-16,eerste van der helststraat 1a-21 1073aa amsterdam,,gmb-2026-120899,Aanvraag onttrekkingsvergunning van woonruimte voor een tweede woning Eerste Van der Helststraat 1A-21 1073AA Amsterdam
aanvraag,2026-03-16,wilhelminastraat 178a 1054wt amsterdam,,gmb-2026-119468,Aanvraag onttrekkingsvergunning van woonruimte voor een tweede woning Wilhelminastraat 178A 1054WT Amsterdam
aanvraag,2026-03-16,van eeghenstraat 186 1071gm amsterdam,,gmb-2026-121060,Aanvraag onttrekkingsvergunning van woonruimte voor een tweede woning Van Eeghenstraat 186 1071GM Amsterdam
aanvraag,2026-03-16,van eeghenstraat 110c 1071gm amsterdam,,gmb-2026-120932,Aanvraag onttrekkingsvergunning van woonruimte voor een tweede woning Van Eeghenstraat 110C 1071GM Amsterdam
aanvraag,2026-03-16,theseusstraat 7-1 1076xk amsterdam,,gmb-2026-121373,Aanvraag onttrekkingsvergunning van woonruimte voor een tweede woning Theseusstraat 7-1 1076XK Amsterdam
aanvraag,2026-03-16,pieter baststraat 28-2 1071tx amsterdam,,gmb-2026-121386,Aanvraag onttrekkingsvergunning van woonruimte voor een tweede woning Pieter Baststraat 28-2 1071TX Amsterdam
aanvraag,2026-03-16,admiralengracht 279-1 1056ea amsterdam,,gmb-2026-120306,Aanvraag onttrekkingsvergunning van woonruimte voor een tweede woning Admiralengracht 279-1 1056EA Amsterdam
aanvraag,2026-03-16,frans van mierisstraat 72-3 1071rx amsterdam,,gmb-2026-121108,Aanvraag onttrekkingsvergunning van woonruimte voor een tweede woning Frans van Mierisstraat 72-3 1071RX Amsterdam
aanvraag,2026-03-16,rhijnvis feithstraat 24c 1054tx amsterdam,,gmb-2026-119820,Aanvraag onttrekkingsvergunning van woonruimte voor een tweede woning Rhijnvis Feithstraat 24C 1054TX Amsterdam
aanvraag,2026-03-16,pieter de hoochstraat 11e-1 1071ed amsterdam,,gmb-2026-121046,Aanvraag onttrekkingsvergunning van woonruimte voor een tweede woning Pieter de Hoochstraat 11E-1 1071ED Amsterdam
aanvraag,2026-03-16,daniël stalpertstraat 41f 1072xa amsterdam,,gmb-2026-121078,Aanvraag onttrekkingsvergunning van woonruimte voor een tweede woning Daniël Stalpertstraat 41F 1072XA Amsterdam
aanvraag,2026-03-16,frans van mierisstraat 90b 1071rz amsterdam,,gmb-2026-121436,Aanvraag onttrekkingsvergunning van woonruimte voor een tweede woning Frans van Mierisstraat 90B 1071RZ Amsterdam
verleend,2026-03-16,nieuwe teertuinen 13d 1013lv amsterdam,,gmb-2026-119748,Besluit onttrekkingsvergunning van woonruimte voor een tweede woning verleend Nieuwe Teertuinen 13D 1013LV Amsterdam
verleend,2026-03-16,faradaystraat 7-1 1098nm amsterdam,,gmb-2026-119463,Besluit onttrekkingsvergunning van woonruimte voor een tweede woning verleend Faradaystraat 7-1 1098NM Amsterdam
verleend,2026-03-16,rhijnvis feithstraat 24c 1054tx amsterdam,,gmb-2026-119926,Besluit onttrekkingsvergunning van woonruimte voor een tweede woning verleend Rhijnvis Feithstraat 24C 1054TX Amsterdam
verleend,2026-03-16,'s-gravesandestraat 64 1091de amsterdam,,gmb-2026-120642,Besluit onttrekkingsvergunning van woonruimte voor een tweede woning verleend 's-Gravesandestraat 64 1091DE Amsterdam
verleend,2026-03-16,knsm-laan 587 1019ld amsterdam,,gmb-2026-119655,Besluit onttrekkingsvergunning van woonruimte voor een tweede woning verleend KNSM-laan 587 1019LD Amsterdam
verleend,2026-03-16,admiralengracht 279-1 1056ea amsterdam,,gmb-2026-121768,Besluit onttrekkingsvergunning van woonruimte voor een tweede woning verleend Admiralengracht 279-1 1056EA Amsterdam
verleend,2026-03-16,oosterpark 60d 1092ar amsterdam,,gmb-2026-120973,Besluit onttrekkingsvergunning van woonruimte voor een tweede woning verleend Oosterpark 60D 1092AR Amsterdam
verleend,2026-03-16,wilhelminastraat 178a 1054wt amsterdam,,gmb-2026-119574,Besluit onttrekkingsvergunning van woonruimte voor een tweede woning verleend Wilhelminastraat 178A 1054WT Amsterdam
verleend,2026-03-16,daniël stalpertstraat 41f 1072xa amsterdam,,gmb-2026-120543,Besluit onttrekkingsvergunning van woonruimte voor een tweede woning verleend Daniël Stalpertstraat 41F 1072XA Amsterdam
verleend,2026-03-16,sarphatipark 5-2 1073cn amsterdam,,gmb-2026-119829,Besluit onttrekkingsvergunning van woonruimte voor een tweede woning verleend Sarphatipark 5-2 1073CN Amsterdam
besluit_overig,2026-03-16,omval 275 1096hr amsterdam,,gmb-2026-121076,Besluit onttrekkingsvergunning van woonruimte voor een tweede woning  Omval 275 1096HR Amsterdam
verleend,2026-03-16,frans halsstraat 86-h 1072bw amsterdam,,gmb-2026-120460,Besluit onttrekkingsvergunning van woonruimte voor een tweede woning verleend Frans Halsstraat 86-H 1072BW Amsterdam
aanvraag,2026-03-18,bep van klaverenboulevard 72 1034wx amsterdam,,gmb-2026-126534,Aanvraag onttrekkingsvergunning van woonruimte voor een tweede woning Bep van Klaverenboulevard 72 1034WX Amsterdam
aanvraag,2026-03-18,nieuwendammerdijk 35 1025lc amsterdam,,gmb-2026-126237,Aanvraag onttrekkingsvergunning van woonruimte voor een tweede woning Nieuwendammerdijk 35 1025LC Amsterdam
verleend,2026-03-18,keizersgracht 151c 1015cl amsterdam,,gmb-2026-125017,Besluit onttrekkingsvergunning van woonruimte voor een tweede woning verleend Keizersgracht 151C 1015CL Amsterdam
aanvraag,2026-03-19,bestevâerstraat 10-4 1056hm amsterdam,,gmb-2026-128514,Aanvraag onttrekkingsvergunning van woonruimte voor een tweede woning Bestevâerstraat 10-4 1056HM Amsterdam
aanvraag,2026-03-19,stettineiland 97 1014ze amsterdam,,gmb-2026-127816,Aanvraag onttrekkingsvergunning van woonruimte voor een tweede woning Stettineiland 97 1014ZE Amsterdam
aanvraag,2026-03-19,rapenburgerstraat 101f 1011vl amsterdam,,gmb-2026-130237,Aanvraag onttrekkingsvergunning van woonruimte voor een tweede woning Rapenburgerstraat 101F 1011VL Amsterdam
verleend,2026-03-19,bestevâerstraat 10-4 1056hm amsterdam,,gmb-2026-128653,Besluit onttrekkingsvergunning van woonruimte voor een tweede woning verleend Bestevâerstraat 10-4 1056HM Amsterdam
verleend,2026-03-19,rapenburgerstraat 101f 1011vl amsterdam,,gmb-2026-130235,Besluit onttrekkingsvergunning van woonruimte voor een tweede woning verleend Rapenburgerstraat 101F 1011VL Amsterdam
verleend,2026-03-19,westerdok 57 1013az amsterdam,,gmb-2026-128212,Besluit onttrekkingsvergunning van woonruimte voor een tweede woning verleend Westerdok 57 1013AZ Amsterdam
verleend,2026-03-19,slaakstraat 8-1 1078bd amsterdam,,gmb-2026-129876,Besluit onttrekkingsvergunning van woonruimte voor een tweede woning verleend Slaakstraat 8-1 1078BD Amsterdam
verleend,2026-03-19,de boelelaan 389 1082rh amsterdam,,gmb-2026-129382,Besluit onttrekkingsvergunning van woonruimte voor een tweede woning verleend De Boelelaan 389 1082RH Amsterdam
verleend,2026-03-19,courbetstraat 12-2 1077zt amsterdam,,gmb-2026-128258,Besluit onttrekkingsvergunning van woonruimte voor een tweede woning verleend Courbetstraat 12-2 1077ZT Amsterdam
verleend,2026-03-19,nieuwe hoogstraat 35c 1011hd amsterdam,,gmb-2026-130231,Besluit onttrekkingsvergunning van woonruimte voor een tweede woning verleend Nieuwe Hoogstraat 35C 1011HD Amsterdam
verleend,2026-03-19,stettineiland 97 1014ze amsterdam,,gmb-2026-127870,Besluit onttrekkingsvergunning van woonruimte voor een tweede woning verleend Stettineiland 97 1014ZE Amsterdam
verleend,2026-03-19,waalstraat 54-1 1078bx amsterdam,,gmb-2026-128171,Besluit onttrekkingsvergunning van woonruimte voor een tweede woning verleend Waalstraat 54-1 1078BX Amsterdam
verleend,2026-03-19,pieter cornelisz. hooftstraat 175b 1071bw amsterdam,,gmb-2026-129273,Besluit onttrekkingsvergunning van woonruimte voor een tweede woning verleend Pieter Cornelisz. Hooftstraat 175B 1071BW Amsterdam
verleend,2026-03-19,van breestraat 99-1 1071zj amsterdam,,gmb-2026-129064,Besluit onttrekkingsvergunning van woonruimte voor een tweede woning verleend Van Breestraat 99-1 1071ZJ Amsterdam
aanvraag,2026-03-19,aanvraag woonvormingsvergunning nieuwe hoogstraat 35c 1011hd amsterdam,,gmb-2026-130103,Aanvraag woonvormingsvergunning Nieuwe Hoogstraat 35C 1011HD Amsterdam
aanvraag,2026-03-20,gabriël metsustraat 26-2 1071ec amsterdam,,gmb-2026-132039,Aanvraag onttrekkingsvergunning van woonruimte voor een tweede woning Gabriël Metsustraat 26-2 1071EC Amsterdam
aanvraag,2026-03-20,gillis van ledenberchstraat 95-3 1052vc amsterdam,,gmb-2026-132224,Aanvraag onttrekkingsvergunning van woonruimte voor een tweede woning Gillis van Ledenberchstraat 95-3 1052VC Amsterdam
aanvraag,2026-03-20,bilderdijkkade 50c-8 1053vn amsterdam,,gmb-2026-132446,Aanvraag onttrekkingsvergunning van woonruimte voor een tweede woning Bilderdijkkade 50C-8 1053VN Amsterdam
aanvraag,2026-03-20,cornelis dopperkade 2-1 1077kk amsterdam,,gmb-2026-132397,Aanvraag onttrekkingsvergunning van woonruimte voor een tweede woning Cornelis Dopperkade 2-1 1077KK Amsterdam
aanvraag,2026-03-20,plantage muidergracht 63-3 1018tm amsterdam,,gmb-2026-132917,Aanvraag onttrekkingsvergunning van woonruimte voor een tweede woning Plantage Muidergracht 63-3 1018TM Amsterdam
aanvraag,2026-03-20,wittenburgergracht 57 1018mx amsterdam,,gmb-2026-132309,Aanvraag onttrekkingsvergunning van woonruimte voor een tweede woning Wittenburgergracht 57 1018MX Amsterdam
aanvraag,2026-03-20,jacob van lennepstraat 67-2v 1053he amsterdam,,gmb-2026-130865,Aanvraag onttrekkingsvergunning van woonruimte voor een tweede woning Jacob van Lennepstraat 67-2V 1053HE Amsterdam
aanvraag,2026-03-20,tweede weteringdwarsstraat 42-2 1017sx amsterdam,,gmb-2026-132842,Aanvraag onttrekkingsvergunning van woonruimte voor een tweede woning Tweede Weteringdwarsstraat 42-2 1017SX Amsterdam
aanvraag,2026-03-20,spuistraat 205b 1012vn amsterdam,,gmb-2026-131920,Aanvraag onttrekkingsvergunning van woonruimte voor een tweede woning Spuistraat 205B 1012VN Amsterdam
verleend,2026-03-20,tweede weteringdwarsstraat 42-2 1017sx amsterdam,,gmb-2026-132900,Besluit onttrekkingsvergunning van woonruimte voor een tweede woning verleend Tweede Weteringdwarsstraat 42-2 1017SX Amsterdam
verleend,2026-03-20,sarphatipark 127-3 1073cx amsterdam,,gmb-2026-131555,Besluit onttrekkingsvergunning van woonruimte voor een tweede woning verleend Sarphatipark 127-3 1073CX Amsterdam
verleend,2026-03-20,jacob van lennepstraat 67-2v 1053he amsterdam,,gmb-2026-130984,Besluit onttrekkingsvergunning van woonruimte voor een tweede woning verleend Jacob van Lennepstraat 67-2V 1053HE Amsterdam
verleend,2026-03-20,gillis van ledenberchstraat 95-3 1052vc amsterdam,,gmb-2026-132321,Besluit onttrekkingsvergunning van woonruimte voor een tweede woning verleend Gillis van Ledenberchstraat 95-3 1052VC Amsterdam
verleend,2026-03-20,bilderdijkkade 50c-8 1053vn amsterdam,,gmb-2026-132525,Besluit onttrekkingsvergunning van woonruimte voor een tweede woning verleend Bilderdijkkade 50C-8 1053VN Amsterdam
verleend,2026-03-20,spuistraat 205b 1012vn amsterdam,,gmb-2026-132024,Besluit onttrekkingsvergunning van woonruimte voor een tweede woning verleend Spuistraat 205B 1012VN Amsterdam
besluit_overig,2026-03-23,vergunning ingetrokken spaarndammerstraat 66-1 1013sz amsterdam,,gmb-2026-135179,Besluit onttrekkingsvergunning van woonruimte voor een tweede woning vergunning ingetrokken Spaarndammerstraat 66-1 1013SZ Amsterdam
verleend,2026-03-23,wittenburgergracht 57 1018mx amsterdam,,gmb-2026-134163,Besluit onttrekkingsvergunning van woonruimte voor een tweede woning verleend Wittenburgergracht 57 1018MX Amsterdam
verleend,2026-03-23,plantage muidergracht 63-3 1018tm amsterdam,,gmb-2026-133667,Besluit onttrekkingsvergunning van woonruimte voor een tweede woning verleend Plantage Muidergracht 63-3 1018TM Amsterdam
besluit_overig,2026-03-24,dina appeldoornstraat 3-1 1076aw amsterdam,,gmb-2026-136611,Besluit onttrekkingsvergunning van woonruimte voor een tweede woning  Dina Appeldoornstraat 3-1 1076AW Amsterdam
aanvraag,2026-03-25,tweede weteringdwarsstraat 75-1 1017sv amsterdam,,gmb-2026-138756,Aanvraag onttrekkingsvergunning van woonruimte voor een tweede woning Tweede Weteringdwarsstraat 75-1 1017SV Amsterdam
aanvraag,2026-03-25,spuistraat 205b 1012vn amsterdam,,gmb-2026-138826,Aanvraag onttrekkingsvergunning van woonruimte voor een tweede woning Spuistraat 205B 1012VN Amsterdam
aanvraag,2026-03-25,jacob van lennepstraat 65-2 1053he amsterdam,,gmb-2026-138279,Aanvraag onttrekkingsvergunning van woonruimte voor een tweede woning Jacob van Lennepstraat 65-2 1053HE Amsterdam
verleend,2026-03-25,jacob van lennepstraat 65-2 1053he amsterdam,,gmb-2026-138394,Besluit onttrekkingsvergunning van woonruimte voor een tweede woning verleend Jacob van Lennepstraat 65-2 1053HE Amsterdam
verleend,2026-03-25,spuistraat 205b 1012vn amsterdam,,gmb-2026-139278,Besluit onttrekkingsvergunning van woonruimte voor een tweede woning verleend Spuistraat 205B 1012VN Amsterdam
verleend,2026-03-25,oostelijke handelskade 1101 1019dn amsterdam,,gmb-2026-139197,Besluit onttrekkingsvergunning van woonruimte voor een tweede woning verleend Oostelijke Handelskade 1101 1019DN Amsterdam
aanvraag,2026-03-26,lijnbaansgracht 247 1017rk amsterdam,,gmb-2026-141515,Aanvraag onttrekkingsvergunning van woonruimte voor een tweede woning Lijnbaansgracht 247 1017RK Amsterdam
verleend,2026-03-26,lijnbaansgracht 247 1017rk amsterdam,,gmb-2026-141662,Besluit onttrekkingsvergunning van woonruimte voor een tweede woning verleend Lijnbaansgracht 247 1017RK Amsterdam
verleend,2026-03-26,churchill-laan 137-1 1078dr amsterdam,,gmb-2026-143730,Besluit onttrekkingsvergunning van woonruimte voor een tweede woning verleend Churchill-laan 137-1 1078DR Amsterdam
verleend,2026-03-26,eerste van der helststraat 1a-21 1073aa amsterdam,,gmb-2026-143499,Besluit onttrekkingsvergunning van woonruimte voor een tweede woning verleend Eerste Van der Helststraat 1A-21 1073AA Amsterdam
aanvraag,2026-03-27,kerkstraat 303k 1017gz amsterdam,,gmb-2026-145650,Aanvraag onttrekkingsvergunning van woonruimte voor een tweede woning Kerkstraat 303K 1017GZ Amsterdam
aanvraag,2026-03-27,oudezijds voorburgwal 330b 1012gm amsterdam,,gmb-2026-145299,Aanvraag onttrekkingsvergunningvan woonruimte voor een tweede woning Oudezijds Voorburgwal 330B 1012GM Amsterdam
aanvraag,2026-03-27,houthavenkade 7 1014zb amsterdam,,gmb-2026-144375,Aanvraag onttrekkingsvergunningvan woonruimte voor een tweede woning Houthavenkade 7 1014ZB Amsterdam
verleend,2026-03-27,madurastraat 8b 1094gl amsterdam,,gmb-2026-146482,Besluit onttrekkingsvergunning van woonruimte voor een tweede woning verleend Madurastraat 8B 1094GL Amsterdam
verleend,2026-03-27,van eeghenstraat 110c 1071gm amsterdam,,gmb-2026-146625,Besluit onttrekkingsvergunning van woonruimte voor een tweede woning verleend Van Eeghenstraat 110C 1071GM Amsterdam
verleend,2026-03-27,kerkstraat 303k 1017gz amsterdam,,gmb-2026-145713,Besluit onttrekkingsvergunningvan woonruimte voor een tweede woning verleend Kerkstraat 303K 1017GZ Amsterdam
verleend,2026-03-27,houthavenkade 7 1014zb amsterdam,,gmb-2026-144481,Besluit onttrekkingsvergunningvan woonruimte voor een tweede woning verleend Houthavenkade 7 1014ZB Amsterdam
verleend,2026-03-27,oudezijds voorburgwal 330b 1012gm amsterdam,,gmb-2026-145386,Besluit onttrekkingsvergunningvan woonruimte voor een tweede woning verleend Oudezijds Voorburgwal 330B 1012GM Amsterdam
aanvraag,2026-03-30,keizersgracht 337-2 1016eg amsterdam,,gmb-2026-147266,Aanvraag onttrekkingsvergunningvan woonruimte voor een tweede woning Keizersgracht 337-2 1016EG Amsterdam
verleend,2026-03-30,keizersgracht 337-2 1016eg amsterdam,,gmb-2026-148691,Besluit onttrekkingsvergunning van woonruimte voor een tweede woning verleend Keizersgracht 337-2 1016EG Amsterdam
verleend,2026-03-31,gerrit van der veenstraat 127b 1077dw amsterdam,,gmb-2026-151558,Besluit onttrekkingsvergunning van woonruimte voor een tweede woning verleend Gerrit van der Veenstraat 127B 1077DW Amsterdam
aanvraag,2026-04-01,lauriergracht 47e 1016rg amsterdam,,gmb-2026-153076,Aanvraag onttrekkingsvergunning van woonruimte voor een tweede woning Lauriergracht 47E 1016RG Amsterdam
aanvraag,2026-04-01,pieter oosterhuisstraat 34 1087ht amsterdam,,gmb-2026-153325,Aanvraag onttrekkingsvergunning van woonruimte voor een tweede woning Pieter Oosterhuisstraat 34 1087HT Amsterdam
aanvraag,2026-04-01,jacob van lennepstraat 120c 1053jr amsterdam,,gmb-2026-152214,Aanvraag onttrekkingsvergunning van woonruimte voor een tweede woning Jacob van Lennepstraat 120C 1053JR Amsterdam
verleend,2026-04-01,jacob van lennepstraat 120c 1053jr amsterdam,,gmb-2026-152384,Besluit onttrekkingsvergunning van woonruimte voor een tweede woning verleend Jacob van Lennepstraat 120C 1053JR Amsterdam
verleend,2026-04-01,lauriergracht 47e 1016rg amsterdam,,gmb-2026-153465,Besluit onttrekkingsvergunning van woonruimte voor een tweede woning verleend Lauriergracht 47E 1016RG Amsterdam
verleend,2026-04-01,maassluisstraat 41 1062ga amsterdam,,gmb-2026-153310,Besluit onttrekkingsvergunning van woonruimte voor een tweede woning verleend Maassluisstraat 41 1062GA Amsterdam
aanvraag,2026-04-02,vogelenzangstraat 24-1 1058st amsterdam,,gmb-2026-157734,Aanvraag onttrekkingsvergunning van woonruimte voor een tweede woning Vogelenzangstraat 24-1 1058ST Amsterdam
aanvraag,2026-04-02,achillesstraat 100-3 1076rh amsterdam,,gmb-2026-157525,Aanvraag onttrekkingsvergunning van woonruimte voor een tweede woning Achillesstraat 100-3 1076RH Amsterdam
aanvraag,2026-04-02,daniël stalpertstraat 101-4 1072xd amsterdam,,gmb-2026-157773,Aanvraag onttrekkingsvergunning van woonruimte voor een tweede woning Daniël Stalpertstraat 101-4 1072XD Amsterdam
aanvraag,2026-04-02,koninginneweg 183-2 1075cp amsterdam,,gmb-2026-157729,Aanvraag onttrekkingsvergunning van woonruimte voor een tweede woning Koninginneweg 183-2 1075CP Amsterdam
aanvraag,2026-04-02,ruysdaelstraat 73c 1071xb amsterdam,,gmb-2026-157719,Aanvraag onttrekkingsvergunning van woonruimte voor een tweede woning Ruysdaelstraat 73C 1071XB Amsterdam
aanvraag,2026-04-02,eerste jan van der heijdenstraat 101-h 1072tm amsterdam,,gmb-2026-157753,Aanvraag onttrekkingsvergunning van woonruimte voor een tweede woning Eerste Jan van der Heijdenstraat 101-H 1072TM Amsterdam
verleend,2026-04-02,gabriël metsustraat 26-2 1071ec amsterdam,,gmb-2026-155865,Besluit onttrekkingsvergunning van woonruimte voor een tweede woning verleend Gabriël Metsustraat 26-2 1071EC Amsterdam
verleend,2026-04-02,veemkade 298 1019hd amsterdam,,gmb-2026-157075,Besluit onttrekkingsvergunning van woonruimte voor een tweede woning verleend Veemkade 298 1019HD Amsterdam
verleend,2026-04-02,achillesstraat 100-3 1076rh amsterdam,,gmb-2026-157817,Besluit onttrekkingsvergunning van woonruimte voor een tweede woning verleend Achillesstraat 100-3 1076RH Amsterdam
verleend,2026-04-02,pieter de hoochstraat 11e-1 1071ed amsterdam,,gmb-2026-156750,Besluit onttrekkingsvergunning van woonruimte voor een tweede woning verleend Pieter de Hoochstraat 11E-1 1071ED Amsterdam
verleend,2026-04-02,pieter oosterhuisstraat 34 1087ht amsterdam,,gmb-2026-157273,Besluit onttrekkingsvergunning van woonruimte voor een tweede woning verleend Pieter Oosterhuisstraat 34 1087HT Amsterdam
verleend,2026-04-02,banstraat 38 1071ka amsterdam,,gmb-2026-157915,Besluit onttrekkingsvergunning van woonruimte voor een tweede woning verleend Banstraat 38 1071KA Amsterdam
aanvraag,2026-04-02,aanvraag omgevingsvergunning aanvraag ingetrokken daniël stalpertstraat 41f 1072xa amsterdam,,gmb-2026-156985,Aanvraag omgevingsvergunning aanvraag ingetrokken Daniël Stalpertstraat 41F 1072XA Amsterdam
aanvraag,2026-04-03,avercampstraat 29 1072ra amsterdam,,gmb-2026-160662,Aanvraag onttrekkingsvergunning van woonruimte voor een tweede woning Avercampstraat 29 1072RA Amsterdam
aanvraag,2026-04-03,waldeck pyrmontlaan 4-2 1075bv amsterdam,,gmb-2026-160168,Aanvraag onttrekkingsvergunning van woonruimte voor een tweede woning Waldeck Pyrmontlaan 4-2 1075BV Amsterdam
aanvraag,2026-04-03,de lairessestraat 17a 1071nr amsterdam,,gmb-2026-158975,Aanvraag onttrekkingsvergunning van woonruimte voor een tweede woning De Lairessestraat 17A 1071NR Amsterdam
aanvraag,2026-04-03,kastelenstraat 37-3 1083cb amsterdam,,gmb-2026-158221,Aanvraag onttrekkingsvergunning van woonruimte voor een tweede woning Kastelenstraat 37-3 1083CB Amsterdam
aanvraag,2026-04-03,president kennedylaan 82-2 1079ng amsterdam,,gmb-2026-160562,Aanvraag onttrekkingsvergunning van woonruimte voor een tweede woning President Kennedylaan 82-2 1079NG Amsterdam
aanvraag,2026-04-03,dusartstraat 62-3 1072hv amsterdam,,gmb-2026-159493,Aanvraag onttrekkingsvergunning van woonruimte voor een tweede woning Dusartstraat 62-3 1072HV Amsterdam
verleend,2026-04-03,céramiquelaan 15 1031kg amsterdam,,gmb-2026-159837,Besluit onttrekkingsvergunning van woonruimte voor een tweede woning verleend Céramiquelaan 15 1031KG Amsterdam
verleend,2026-04-03,avercampstraat 29 1072ra amsterdam,,gmb-2026-160686,Besluit onttrekkingsvergunning van woonruimte voor een tweede woning verleend Avercampstraat 29 1072RA Amsterdam
verleend,2026-04-03,tweede weteringdwarsstraat 75-1 1017sv amsterdam,,gmb-2026-160420,Besluit onttrekkingsvergunning van woonruimte voor een tweede woning verleend Tweede Weteringdwarsstraat 75-1 1017SV Amsterdam
verleend,2026-04-03,kastelenstraat 37-3 1083cb amsterdam,,gmb-2026-158302,Besluit onttrekkingsvergunning van woonruimte voor een tweede woning verleend Kastelenstraat 37-3 1083CB Amsterdam
verleend,2026-04-03,president kennedylaan 82-2 1079ng amsterdam,,gmb-2026-160643,Besluit onttrekkingsvergunning van woonruimte voor een tweede woning verleend President Kennedylaan 82-2 1079NG Amsterdam
aanvraag,2026-04-07,gulden winckelplantsoen 12-h 1055el amsterdam,,gmb-2026-161242,Aanvraag onttrekkingsvergunning van woonruimte voor een tweede woning Gulden Winckelplantsoen 12-H 1055EL Amsterdam
aanvraag,2026-04-07,catharina van rennesstraat 7-1 1077kw amsterdam,,gmb-2026-162158,Aanvraag onttrekkingsvergunning van woonruimte voor een tweede woning Catharina van Rennesstraat 7-1 1077KW Amsterdam
aanvraag,2026-04-07,harry koningsbergerstraat 306 1063am amsterdam,,gmb-2026-163125,Aanvraag onttrekkingsvergunning van woonruimte voor een tweede woning Harry Koningsbergerstraat 306 1063AM Amsterdam
aanvraag,2026-04-07,keizersgracht 643c 1017dt amsterdam,,gmb-2026-161427,Aanvraag onttrekkingsvergunning van woonruimte voor een tweede woning Keizersgracht 643C 1017DT Amsterdam
verleend,2026-04-07,gulden winckelplantsoen 12-h 1055el amsterdam,,gmb-2026-161331,Besluit onttrekkingsvergunning van woonruimte voor een tweede woning verleend Gulden Winckelplantsoen 12-H 1055EL Amsterdam
verleend,2026-04-07,waldeck pyrmontlaan 4-2 1075bv amsterdam,,gmb-2026-163271,Besluit onttrekkingsvergunning van woonruimte voor een tweede woning verleend Waldeck Pyrmontlaan 4-2 1075BV Amsterdam
verleend,2026-04-07,keizersgracht 643c 1017dt amsterdam,,gmb-2026-161555,Besluit onttrekkingsvergunning van woonruimte voor een tweede woning verleend Keizersgracht 643C 1017DT Amsterdam
aanvraag,2026-04-08,amstelveenseweg 617c 1081jd amsterdam,,gmb-2026-165591,Aanvraag onttrekkingsvergunning van woonruimte voor een tweede woning Amstelveenseweg 617C 1081JD Amsterdam
aanvraag,2026-04-08,oranje nassaulaan 54-h 1075ar amsterdam,,gmb-2026-165589,Aanvraag onttrekkingsvergunning van woonruimte voor een tweede woning Oranje Nassaulaan 54-H 1075AR Amsterdam
aanvraag,2026-04-08,boterdiepstraat 70-1 1079ta amsterdam,,gmb-2026-165590,Aanvraag onttrekkingsvergunning van woonruimte voor een tweede woning Boterdiepstraat 70-1 1079TA Amsterdam
verleend,2026-04-08,harry koningsbergerstraat 306 1063am amsterdam,,gmb-2026-165015,Besluit onttrekkingsvergunning van woonruimte voor een tweede woning verleend Harry Koningsbergerstraat 306 1063AM Amsterdam
aanvraag,2026-04-09,aanvraag ingetrokken stadhouderskade 156-2 1074bc amsterdam,,gmb-2026-168540,Besluit onttrekkingsvergunning van woonruimte voor een tweede woning aanvraag ingetrokken Stadhouderskade 156-2 1074BC Amsterdam
verleend,2026-04-09,theseusstraat 7-1 1076xk amsterdam,,gmb-2026-168224,Besluit onttrekkingsvergunning van woonruimte voor een tweede woning verleend Theseusstraat 7-1 1076XK Amsterdam
verleend,2026-04-09,lindengracht 128-3a 1015kk amsterdam,,gmb-2026-167919,Besluit onttrekkingsvergunning van woonruimte voor een tweede woning verleend Lindengracht 128-3A 1015KK Amsterdam
verleend,2026-04-09,cornelis dopperkade 2-1 1077kk amsterdam,,gmb-2026-168285,Besluit onttrekkingsvergunning van woonruimte voor een tweede woning verleend Cornelis Dopperkade 2-1 1077KK Amsterdam
aanvraag,2026-04-10,zwanenburgwal 300 1011jh amsterdam,,gmb-2026-170950,Aanvraag onttrekkingsvergunning van woonruimte voor een tweede woning Zwanenburgwal 300 1011JH Amsterdam
aanvraag,2026-04-10,anjeliersstraat 41 1015nd amsterdam,,gmb-2026-170837,Aanvraag onttrekkingsvergunning van woonruimte voor een tweede woning Anjeliersstraat 41 1015ND Amsterdam
aanvraag,2026-04-10,brouwersgracht 123-3 1015ge amsterdam,,gmb-2026-171045,Aanvraag onttrekkingsvergunning van woonruimte voor een tweede woning Brouwersgracht 123-3 1015GE Amsterdam
aanvraag,2026-04-10,bloemgracht 71e 1016kg amsterdam,,gmb-2026-170892,Aanvraag onttrekkingsvergunning van woonruimte voor een tweede woning Bloemgracht 71E 1016KG Amsterdam
verleend,2026-04-10,anjeliersstraat 41 1015nd amsterdam,,gmb-2026-170875,Besluit onttrekkingsvergunning van woonruimte voor een tweede woning verleend Anjeliersstraat 41 1015ND Amsterdam
verleend,2026-04-10,nieuwendammerdijk 35 1025lc amsterdam,,gmb-2026-169629,Besluit onttrekkingsvergunning van woonruimte voor een tweede woning verleend Nieuwendammerdijk 35 1025LC Amsterdam
verleend,2026-04-10,zwanenburgwal 300 1011jh amsterdam,,gmb-2026-171001,Besluit onttrekkingsvergunning van woonruimte voor een tweede woning verleend Zwanenburgwal 300 1011JH Amsterdam
verleend,2026-04-10,brouwersgracht 123-3 1015ge amsterdam,,gmb-2026-171079,Besluit onttrekkingsvergunning van woonruimte voor een tweede woning verleend Brouwersgracht 123-3 1015GE Amsterdam
verleend,2026-04-10,bloemgracht 71e 1016kg amsterdam,,gmb-2026-170937,Besluit onttrekkingsvergunning van woonruimte voor een tweede woning verleend Bloemgracht 71E 1016KG Amsterdam
verleend,2026-04-10,frans van mierisstraat 90b 1071rz amsterdam,,gmb-2026-171202,Besluit onttrekkingsvergunning van woonruimte voor een tweede woning verleend Frans van Mierisstraat 90B 1071RZ Amsterdam
aanvraag,2026-04-13,brouwersgracht 190k 1013hc amsterdam,,gmb-2026-174026,Aanvraag onttrekkingsvergunning van woonruimte voor een tweede woning Brouwersgracht 190K 1013HC Amsterdam
verleend,2026-04-14,pieter baststraat 28-2 1071tx amsterdam,,gmb-2026-176013,Besluit onttrekkingsvergunning van woonruimte voor een tweede woning verleend Pieter Baststraat 28-2 1071TX Amsterdam
verleend,2026-04-14,ruysdaelstraat 73c 1071xb amsterdam,,gmb-2026-176022,Besluit onttrekkingsvergunning van woonruimte voor een tweede woning verleend Ruysdaelstraat 73C 1071XB Amsterdam
aanvraag,2026-04-15,knsm-laan 459 1019lg amsterdam,,gmb-2026-176416,Aanvraag onttrekkingsvergunning van woonruimte voor een tweede woning KNSM-laan 459 1019LG Amsterdam
aanvraag,2026-04-16,rosy wertheimstraat 37 1082mz amsterdam,,gmb-2026-180411,Aanvraag onttrekkingsvergunning van woonruimte voor een tweede woning Rosy Wertheimstraat 37 1082MZ Amsterdam
aanvraag,2026-04-16,klaroenstraat 38 1104hw amsterdam,,gmb-2026-180419,Aanvraag onttrekkingsvergunning van woonruimte voor een tweede woning Klaroenstraat 38 1104HW Amsterdam
verleend,2026-04-16,koninginneweg 183-2 1075cp amsterdam,,gmb-2026-181650,Besluit onttrekkingsvergunning van woonruimte voor een tweede woning verleend Koninginneweg 183-2 1075CP Amsterdam
verleend,2026-04-16,brouwersgracht 190k 1013hc amsterdam,,gmb-2026-180144,Besluit onttrekkingsvergunning van woonruimte voor een tweede woning verleend Brouwersgracht 190K 1013HC Amsterdam
aanvraag,2026-04-17,monnikenstraat 29 1012bp amsterdam,,gmb-2026-183247,Aanvraag onttrekkingsvergunning van woonruimte voor een tweede woning Monnikenstraat 29 1012BP Amsterdam
aanvraag,2026-04-17,knollendamstraat 6c 1013tn amsterdam,,gmb-2026-182835,Aanvraag onttrekkingsvergunning van woonruimte voor een tweede woning Knollendamstraat 6C 1013TN Amsterdam
verleend,2026-04-17,knollendamstraat 6c 1013tn amsterdam,,gmb-2026-182910,Besluit onttrekkingsvergunning van woonruimte voor een tweede woning verleend Knollendamstraat 6C 1013TN Amsterdam
verleend,2026-04-17,bep van klaverenboulevard 72 1034wx amsterdam,,gmb-2026-184001,Besluit onttrekkingsvergunning van woonruimte voor een tweede woning verleend Bep van Klaverenboulevard 72 1034WX Amsterdam
verleend,2026-04-17,vogelenzangstraat 24-1 1058st amsterdam,,gmb-2026-183188,Besluit onttrekkingsvergunning van woonruimte voor een tweede woning verleend Vogelenzangstraat 24-1 1058ST Amsterdam
verleend,2026-04-17,de lairessestraat 17a 1071nr amsterdam,,gmb-2026-183961,Besluit onttrekkingsvergunning van woonruimte voor een tweede woning verleend De Lairessestraat 17A 1071NR Amsterdam
aanvraag,2026-04-20,monnikenstraat 23-2 1012bp amsterdam ipv monnikenstraat 29,,gmb-2026-186713,Rectificatie: Aanvraag onttrekkingsvergunning van woonruimte voor een tweede woning Monnikenstraat 23-2 1012BP Amsterdam ipv Monnikenstraat 29
aanvraag,2026-04-20,tuinstraat 179-1 1015pc amsterdam,,gmb-2026-187688,Aanvraag onttrekkingsvergunning van woonruimte voor een tweede woning Tuinstraat 179-1 1015PC Amsterdam
verleend,2026-04-20,monnikenstraat 23-2 1012bp amsterdam,,gmb-2026-186862,Besluit onttrekkingsvergunning van woonruimte voor een tweede woning verleend Monnikenstraat 23-2 1012BP Amsterdam
verleend,2026-04-20,tuinstraat 179-1 1015pc amsterdam,,gmb-2026-187796,Besluit onttrekkingsvergunning van woonruimte voor een tweede woning verleend Tuinstraat 179-1 1015PC Amsterdam
verleend,2026-04-21,daniël stalpertstraat 101-4 1072xd amsterdam,,gmb-2026-189764,Besluit onttrekkingsvergunning van woonruimte voor een tweede woning verleend Daniël Stalpertstraat 101-4 1072XD Amsterdam
verleend,2026-04-21,oranje nassaulaan 54-h 1075ar amsterdam,,gmb-2026-189798,Besluit onttrekkingsvergunning van woonruimte voor een tweede woning verleend Oranje Nassaulaan 54-H 1075AR Amsterdam
aanvraag,2026-04-22,oosterpark 44-3 1092an amsterdam,,gmb-2026-191930,Aanvraag onttrekkingsvergunning van woonruimte voor een tweede woning Oosterpark 44-3 1092AN Amsterdam
aanvraag,2026-04-22,keizersgracht 812c 1017ed amsterdam,,gmb-2026-190552,Aanvraag onttrekkingsvergunning van woonruimte voor een tweede woning Keizersgracht 812C 1017ED Amsterdam
aanvraag,2026-04-22,veembroederhof 192 1019hc amsterdam,,gmb-2026-190333,Aanvraag onttrekkingsvergunning van woonruimte voor een tweede woning Veembroederhof 192 1019HC Amsterdam
aanvraag,2026-04-22,knsm-laan 351 1019lg amsterdam,,gmb-2026-190347,Aanvraag onttrekkingsvergunning van woonruimte voor een tweede woning KNSM-laan 351 1019LG Amsterdam
verleend,2026-04-22,keizersgracht 812c 1017ed amsterdam,,gmb-2026-190671,Besluit onttrekkingsvergunning van woonruimte voor een tweede woning verleend Keizersgracht 812C 1017ED Amsterdam
aanvraag,2026-04-23,nieuwe achtergracht 26 1018xz amsterdam,,gmb-2026-194494,Aanvraag onttrekkingsvergunning van woonruimte voor een tweede woning Nieuwe Achtergracht 26 1018XZ Amsterdam
aanvraag,2026-04-23,jacob van lennepstraat 65-1 1053he amsterdam,,gmb-2026-195784,Aanvraag onttrekkingsvergunning van woonruimte voor een tweede woning Jacob van Lennepstraat 65-1 1053HE Amsterdam
aanvraag,2026-04-23,singel 447d 1012wp amsterdam,,gmb-2026-193503,Aanvraag onttrekkingsvergunning van woonruimte voor een tweede woning Singel 447D 1012WP Amsterdam
verleend,2026-04-23,frans van mierisstraat 72-3 1071rx amsterdam,,gmb-2026-195915,Besluit onttrekkingsvergunning van woonruimte voor een tweede woning verleend Frans van Mierisstraat 72-3 1071RX Amsterdam
verleend,2026-04-23,eerste jan van der heijdenstraat 101-h 1072tm amsterdam,,gmb-2026-194956,Besluit onttrekkingsvergunning van woonruimte voor een tweede woning verleend Eerste Jan van der Heijdenstraat 101-H 1072TM Amsterdam
verleend,2026-04-23,nieuwe achtergracht 26 1018xz amsterdam,,gmb-2026-194634,Besluit onttrekkingsvergunning van woonruimte voor een tweede woning verleend Nieuwe Achtergracht 26 1018XZ Amsterdam
verleend,2026-04-23,dusartstraat 62-3 1072hv amsterdam,,gmb-2026-194013,Besluit onttrekkingsvergunning van woonruimte voor een tweede woning verleend Dusartstraat 62-3 1072HV Amsterdam
verleend,2026-04-23,singel 447d 1012wp amsterdam,,gmb-2026-193637,Besluit onttrekkingsvergunning van woonruimte voor een tweede woning verleend Singel 447D 1012WP Amsterdam
verleend,2026-04-23,jacob van lennepstraat 65-1 1053he amsterdam,,gmb-2026-195906,Besluit onttrekkingsvergunning van woonruimte voor een tweede woning verleend Jacob van Lennepstraat 65-1 1053HE Amsterdam
verleend,2026-04-24,boterdiepstraat 70-1 1079ta amsterdam,,gmb-2026-198856,Besluit onttrekkingsvergunning van woonruimte voor een tweede woning verleend Boterdiepstraat 70-1 1079TA Amsterdam
aanvraag,2026-04-28,westerdoksdijk 367 1013ad amsterdam,,gmb-2026-199755,Aanvraag onttrekkingsvergunning van woonruimte voor een tweede woning Westerdoksdijk 367 1013AD Amsterdam
aanvraag,2026-04-28,eerste tuindwarsstraat 7a 1015rt amsterdam,,gmb-2026-199369,Aanvraag onttrekkingsvergunning van woonruimte voor een tweede woning Eerste Tuindwarsstraat 7A 1015RT Amsterdam
aanvraag,2026-04-28,vierwindenstraat 80 1013la amsterdam,,gmb-2026-201348,Aanvraag onttrekkingsvergunning van woonruimte voor een tweede woning Vierwindenstraat 80 1013LA Amsterdam
aanvraag,2026-04-28,prinsengracht 1083f 1017jh amsterdam,,gmb-2026-199500,Aanvraag onttrekkingsvergunning van woonruimte voor een tweede woning Prinsengracht 1083F 1017JH Amsterdam
verleend,2026-04-28,prinsengracht 1083f 1017jh amsterdam,,gmb-2026-199609,Besluit onttrekkingsvergunning van woonruimte voor een tweede woning verleend Prinsengracht 1083F 1017JH Amsterdam
verleend,2026-04-28,eerste tuindwarsstraat 7a 1015rt amsterdam,,gmb-2026-199449,Besluit onttrekkingsvergunning van woonruimte voor een tweede woning verleend Eerste Tuindwarsstraat 7A 1015RT Amsterdam
verleend,2026-04-28,vierwindenstraat 80 1013la amsterdam,,gmb-2026-201535,Besluit onttrekkingsvergunning van woonruimte voor een tweede woning verleend Vierwindenstraat 80 1013LA Amsterdam
aanvraag,2026-04-30,van breestraat 183d 1071zn amsterdam,,gmb-2026-204797,Aanvraag onttrekkingsvergunning van woonruimte voor een tweede woning Van Breestraat 183D 1071ZN Amsterdam
aanvraag,2026-04-30,keizersgracht 257c 1016ec amsterdam,,gmb-2026-204443,Aanvraag onttrekkingsvergunning van woonruimte voor een tweede woning Keizersgracht 257C 1016EC Amsterdam
aanvraag,2026-04-30,weesperzijde 1068 1091el amsterdam,,gmb-2026-204787,Aanvraag onttrekkingsvergunning van woonruimte voor een tweede woning Weesperzijde 1068 1091EL Amsterdam
aanvraag,2026-04-30,westerdoksdijk 331 1013ad amsterdam,,gmb-2026-204826,Aanvraag onttrekkingsvergunning van woonruimte voor een tweede woning Westerdoksdijk 331 1013AD Amsterdam
verleend,2026-04-30,rosy wertheimstraat 37 1082mz amsterdam,,gmb-2026-206646,Besluit onttrekkingsvergunning van woonruimte voor een tweede woning verleend Rosy Wertheimstraat 37 1082MZ Amsterdam
verleend,2026-04-30,van eeghenstraat 186 1071gm amsterdam,,gmb-2026-206475,Besluit onttrekkingsvergunning van woonruimte voor een tweede woning verleend Van Eeghenstraat 186 1071GM Amsterdam
verleend,2026-04-30,westerdoksdijk 331 1013ad amsterdam,,gmb-2026-204928,Besluit onttrekkingsvergunning van woonruimte voor een tweede woning verleend Westerdoksdijk 331 1013AD Amsterdam
verleend,2026-04-30,keizersgracht 257c 1016ec amsterdam,,gmb-2026-204681,Besluit onttrekkingsvergunning van woonruimte voor een tweede woning verleend Keizersgracht 257C 1016EC Amsterdam
verleend,2026-05-01,veembroederhof 192 1019hc amsterdam,,gmb-2026-207777,Besluit onttrekkingsvergunning van woonruimte voor een tweede woning verleend Veembroederhof 192 1019HC Amsterdam
verleend,2026-05-01,klaroenstraat 38 1104hw amsterdam,,gmb-2026-209156,Besluit onttrekkingsvergunning van woonruimte voor een tweede woning verleend Klaroenstraat 38 1104HW Amsterdam
aanvraag,2026-05-04,bloemstraat 31a 1016kv amsterdam,,gmb-2026-211761,Aanvraag onttrekkingsvergunning van woonruimte voor een tweede woning Bloemstraat 31A 1016KV Amsterdam
geweigerd,2026-05-04,catharina van rennesstraat 7-1 1077kw amsterdam,,gmb-2026-211720,Besluit onttrekkingsvergunning van woonruimte voor een tweede woning geweigerd Catharina van Rennesstraat 7-1 1077KW Amsterdam
aanvraag,2026-05-05,amstelkade 169a-1 1078az amsterdam,,gmb-2026-213767,Aanvraag onttrekkingsvergunning van woonruimte voor een tweede woning Amstelkade 169A-1 1078AZ Amsterdam
aanvraag,2026-05-05,pieter cornelisz. hooftstraat 196 1071ch amsterdam,,gmb-2026-213755,Aanvraag onttrekkingsvergunning van woonruimte voor een tweede woning Pieter Cornelisz. Hooftstraat 196 1071CH Amsterdam
verleend,2026-05-05,pieter cornelisz. hooftstraat 196 1071ch amsterdam,,gmb-2026-213756,Besluit onttrekkingsvergunning van woonruimte voor een tweede woning verleend Pieter Cornelisz. Hooftstraat 196 1071CH Amsterdam
verleend,2026-05-05,knsm-laan 459 1019lg amsterdam,,gmb-2026-212163,Besluit onttrekkingsvergunning van woonruimte voor een tweede woning verleend KNSM-laan 459 1019LG Amsterdam
aanvraag,2026-05-06,vijzelgracht 27d 1017hn amsterdam,,gmb-2026-216325,Aanvraag onttrekkingsvergunning van woonruimte voor een tweede woning Vijzelgracht 27D 1017HN Amsterdam
verleend,2026-05-06,vijzelgracht 27d 1017hn amsterdam,,gmb-2026-216380,Besluit onttrekkingsvergunning van woonruimte voor een tweede woning verleend Vijzelgracht 27D 1017HN Amsterdam
aanvraag,2026-05-11,kerkstraat 322b 1017hc amsterdam,,gmb-2026-221435,Aanvraag onttrekkingsvergunning van woonruimte voor een tweede woning Kerkstraat 322B 1017HC Amsterdam
aanvraag,2026-05-11,prinsengracht 301e 1016gx amsterdam,,gmb-2026-222359,Aanvraag onttrekkingsvergunning van woonruimte voor een tweede woning Prinsengracht 301E 1016GX Amsterdam
aanvraag,2026-05-11,veembroederhof 168 1019hc amsterdam,,gmb-2026-219947,Aanvraag onttrekkingsvergunning van woonruimte voor een tweede woning Veembroederhof 168 1019HC Amsterdam
aanvraag,2026-05-11,beulingstraat 6e 1017ba amsterdam,,gmb-2026-221812,Aanvraag onttrekkingsvergunning van woonruimte voor een tweede woning Beulingstraat 6E 1017BA Amsterdam
aanvraag,2026-05-11,cruquiuskade 185 1018am amsterdam,,gmb-2026-222050,Aanvraag onttrekkingsvergunning van woonruimte voor een tweede woning Cruquiuskade 185 1018AM Amsterdam
aanvraag,2026-05-11,blauwvoetstraat 11 1061bm amsterdam,,gmb-2026-222273,Aanvraag onttrekkingsvergunning van woonruimte voor een tweede woning Blauwvoetstraat 11 1061BM Amsterdam
aanvraag,2026-05-11,bankastraat 49-h 1094ec amsterdam,,gmb-2026-219962,Aanvraag onttrekkingsvergunning van woonruimte voor een tweede woning Bankastraat 49-H 1094EC Amsterdam
aanvraag,2026-05-11,herengracht 191a 1016be amsterdam,,gmb-2026-221173,Aanvraag onttrekkingsvergunning van woonruimte voor een tweede woning Herengracht 191A 1016BE Amsterdam
aanvraag,2026-05-11,oude braak 25g 1012ps amsterdam,,gmb-2026-219987,Aanvraag onttrekkingsvergunning van woonruimte voor een tweede woning Oude Braak 25G 1012PS Amsterdam
verleend,2026-05-11,kerkstraat 322b 1017hc amsterdam,,gmb-2026-221569,Besluit onttrekkingsvergunning van woonruimte voor een tweede woning verleend Kerkstraat 322B 1017HC Amsterdam
verleend,2026-05-11,beulingstraat 6e 1017ba amsterdam,,gmb-2026-221957,Besluit onttrekkingsvergunning van woonruimte voor een tweede woning verleend Beulingstraat 6E 1017BA Amsterdam
verleend,2026-05-11,blauwvoetstraat 11 1061bm amsterdam,,gmb-2026-222315,Besluit onttrekkingsvergunning van woonruimte voor een tweede woning verleend Blauwvoetstraat 11 1061BM Amsterdam
verleend,2026-05-11,cruquiuskade 185 1018am amsterdam,,gmb-2026-222177,Besluit onttrekkingsvergunning van woonruimte voor een tweede woning verleend Cruquiuskade 185 1018AM Amsterdam
verleend,2026-05-11,prinsengracht 301e 1016gx amsterdam,,gmb-2026-222387,Besluit onttrekkingsvergunning van woonruimte voor een tweede woning verleend Prinsengracht 301E 1016GX Amsterdam
verleend,2026-05-11,van breestraat 183d 1071zn amsterdam,,gmb-2026-222432,Besluit onttrekkingsvergunning van woonruimte voor een tweede woning verleend Van Breestraat 183D 1071ZN Amsterdam
verleend,2026-05-11,oude braak 25g 1012ps amsterdam,,gmb-2026-220200,Besluit onttrekkingsvergunning van woonruimte voor een tweede woning verleend Oude Braak 25G 1012PS Amsterdam
aanvraag,2026-05-12,hemonystraat 25-1 1074bm amsterdam,,gmb-2026-224371,Aanvraag onttrekkingsvergunning van woonruimte voor een tweede woning Hemonystraat 25-1 1074BM Amsterdam
aanvraag,2026-05-12,nicolaas maesstraat 55-2 1071pp amsterdam,,gmb-2026-224365,Aanvraag onttrekkingsvergunning van woonruimte voor een tweede woning Nicolaas Maesstraat 55-2 1071PP Amsterdam
aanvraag,2026-05-12,tweede jan steenstraat 76-2 1074cr amsterdam,,gmb-2026-224327,Aanvraag onttrekkingsvergunning van woonruimte voor een tweede woning Tweede Jan Steenstraat 76-2 1074CR Amsterdam
aanvraag,2026-05-12,poeldijkstraat 331 1059vl amsterdam,,gmb-2026-224373,Aanvraag onttrekkingsvergunning van woonruimte voor een tweede woning Poeldijkstraat 331 1059VL Amsterdam
aanvraag,2026-05-12,eerste jan steenstraat 96-1 1072np amsterdam,,gmb-2026-224374,Aanvraag onttrekkingsvergunning van woonruimte voor een tweede woning Eerste Jan Steenstraat 96-1 1072NP Amsterdam
aanvraag,2026-05-12,van ostadestraat 52-2 1072ta amsterdam,,gmb-2026-224362,Aanvraag onttrekkingsvergunning van woonruimte voor een tweede woning Van Ostadestraat 52-2 1072TA Amsterdam
aanvraag,2026-05-12,eerste jacob van campenstraat 46-1 1072bg amsterdam,,gmb-2026-224369,Aanvraag onttrekkingsvergunning van woonruimte voor een tweede woning Eerste Jacob van Campenstraat 46-1 1072BG Amsterdam
aanvraag,2026-05-12,insulindeweg 936 1095dx amsterdam,,gmb-2026-224370,Aanvraag onttrekkingsvergunning van woonruimte voor een tweede woning Insulindeweg 936 1095DX Amsterdam
verleend,2026-05-12,amstelkade 169a-1 1078az amsterdam,,gmb-2026-224360,Besluit onttrekkingsvergunning van woonruimte voor een tweede woning verleend Amstelkade 169A-1 1078AZ Amsterdam
aanvraag,2026-05-13,amstel 296f 1017an amsterdam,,gmb-2026-225864,Aanvraag onttrekkingsvergunning van woonruimte voor een tweede woning Amstel 296F 1017AN Amsterdam
aanvraag,2026-05-13,oostelijke handelskade 1171 1019dn amsterdam,,gmb-2026-224677,Aanvraag onttrekkingsvergunning van woonruimte voor een tweede woning Oostelijke Handelskade 1171 1019DN Amsterdam
aanvraag,2026-05-13,elandsgracht 66-3 1016tx amsterdam,,gmb-2026-225715,Aanvraag onttrekkingsvergunning van woonruimte voor een tweede woning Elandsgracht 66-3 1016TX Amsterdam
aanvraag,2026-05-13,ruyschstraat 17-1 1091br amsterdam,,gmb-2026-224648,Aanvraag onttrekkingsvergunning van woonruimte voor een tweede woning Ruyschstraat 17-1 1091BR Amsterdam
aanvraag,2026-05-13,oudezijds voorburgwal 235-2b 1012ez amsterdam,,gmb-2026-227276,Aanvraag onttrekkingsvergunning van woonruimte voor een tweede woning Oudezijds Voorburgwal 235-2B 1012EZ Amsterdam
verleend,2026-05-13,oudezijds voorburgwal 235-2b 1012ez amsterdam,,gmb-2026-227277,Besluit onttrekkingsvergunning van woonruimte voor een tweede woning verleend Oudezijds Voorburgwal 235-2B 1012EZ Amsterdam
verleend,2026-05-13,herengracht 191a 1016be amsterdam,,gmb-2026-224873,Besluit onttrekkingsvergunning van woonruimte voor een tweede woning verleend Herengracht 191A 1016BE Amsterdam
verleend,2026-05-13,amstel 296f 1017an amsterdam,,gmb-2026-225948,Besluit onttrekkingsvergunning van woonruimte voor een tweede woning verleend Amstel 296F 1017AN Amsterdam
verleend,2026-05-13,elandsgracht 66-3 1016tx amsterdam,,gmb-2026-225810,Besluit onttrekkingsvergunning van woonruimte voor een tweede woning verleend Elandsgracht 66-3 1016TX Amsterdam
aanvraag,2026-05-15,keizersgracht 77b 1015ce amsterdam,,gmb-2026-228287,Aanvraag onttrekkingsvergunning van woonruimte voor een tweede woning Keizersgracht 77B 1015CE Amsterdam
aanvraag,2026-05-15,prinsengracht 783b 1017jz amsterdam,,gmb-2026-229773,Aanvraag onttrekkingsvergunning van woonruimte voor een tweede woning Prinsengracht 783B 1017JZ Amsterdam
aanvraag,2026-05-15,frans halsstraat 57c 1072bm amsterdam,,gmb-2026-229596,Aanvraag onttrekkingsvergunning van woonruimte voor een tweede woning Frans Halsstraat 57C 1072BM Amsterdam
aanvraag,2026-05-15,donarstraat 5-1 1076ca amsterdam,,gmb-2026-229615,Aanvraag onttrekkingsvergunning van woonruimte voor een tweede woning Donarstraat 5-1 1076CA Amsterdam
aanvraag,2026-05-15,dintelstraat 72 1078vv amsterdam,,gmb-2026-229604,Aanvraag onttrekkingsvergunning van woonruimte voor een tweede woning Dintelstraat 72 1078VV Amsterdam
aanvraag,2026-05-15,van noordtstraat 9w 1013sm amsterdam,,gmb-2026-228632,Aanvraag onttrekkingsvergunning van woonruimte voor een tweede woning Van Noordtstraat 9W 1013SM Amsterdam
aanvraag,2026-05-15,lomanstraat 112c 1075rh amsterdam,,gmb-2026-229624,Aanvraag onttrekkingsvergunning van woonruimte voor een tweede woning Lomanstraat 112C 1075RH Amsterdam
aanvraag,2026-05-15,bilderdijkkade 58c 1053vn amsterdam,,gmb-2026-229561,Aanvraag onttrekkingsvergunning van woonruimte voor een tweede woning Bilderdijkkade 58C 1053VN Amsterdam
aanvraag,2026-05-15,jacob van lennepstraat 54-1a 1053hl amsterdam,,gmb-2026-229333,Aanvraag onttrekkingsvergunning van woonruimte voor een tweede woning Jacob van Lennepstraat 54-1A 1053HL Amsterdam
aanvraag,2026-05-15,valkenburgerstraat 198n 1011nc amsterdam,,gmb-2026-229955,Aanvraag onttrekkingsvergunning van woonruimte voor een tweede woning Valkenburgerstraat 198N 1011NC Amsterdam
aanvraag,2026-05-15,gerard brandtstraat 24b 1054jk amsterdam,,gmb-2026-227902,Aanvraag onttrekkingsvergunning van woonruimte voor een tweede woning Gerard Brandtstraat 24B 1054JK Amsterdam
aanvraag,2026-05-15,karel du jardinstraat 51n 1073tb amsterdam,,gmb-2026-229588,Aanvraag onttrekkingsvergunning van woonruimte voor een tweede woning Karel du Jardinstraat 51N 1073TB Amsterdam
aanvraag,2026-05-15,aanvraag onttrekkingsvergunning van woonruimten voor ander gebruik haparandaweg 810 1013bd amsterdam,,gmb-2026-228447,Aanvraag onttrekkingsvergunning van woonruimten voor ander gebruik Haparandaweg 810 1013BD Amsterdam
verleend,2026-05-15,haparandaweg 810 1013bd amsterdam,,gmb-2026-228540,Besluit onttrekkingsvergunning van woonruimte voor een tweede woning verleend Haparandaweg 810 1013BD Amsterdam
verleend,2026-05-15,eerste jacob van campenstraat 46-1 1072bg amsterdam,,gmb-2026-229887,Besluit onttrekkingsvergunning van woonruimte voor een tweede woning verleend Eerste Jacob van Campenstraat 46-1 1072BG Amsterdam
verleend,2026-05-15,jacob van lennepstraat 54-1a 1053hl amsterdam,,gmb-2026-229406,Besluit onttrekkingsvergunning van woonruimte voor een tweede woning verleend Jacob van Lennepstraat 54-1A 1053HL Amsterdam
verleend,2026-05-15,valkenburgerstraat 198n 1011nc amsterdam,,gmb-2026-230014,Besluit onttrekkingsvergunning van woonruimte voor een tweede woning verleend Valkenburgerstraat 198N 1011NC Amsterdam
verleend,2026-05-15,prinsengracht 783b 1017jz amsterdam,,gmb-2026-229845,Besluit onttrekkingsvergunning van woonruimte voor een tweede woning verleend Prinsengracht 783B 1017JZ Amsterdam
verleend,2026-05-15,bilderdijkkade 58c 1053vn amsterdam,,gmb-2026-229674,Besluit onttrekkingsvergunning van woonruimte voor een tweede woning verleend Bilderdijkkade 58C 1053VN Amsterdam
verleend,2026-05-15,van ostadestraat 52-2 1072ta amsterdam,,gmb-2026-229370,Besluit onttrekkingsvergunning van woonruimte voor een tweede woning verleend Van Ostadestraat 52-2 1072TA Amsterdam
verleend,2026-05-15,gerard brandtstraat 24b 1054jk amsterdam,,gmb-2026-228062,Besluit onttrekkingsvergunning van woonruimte voor een tweede woning verleend Gerard Brandtstraat 24B 1054JK Amsterdam
verleend,2026-05-15,tweede jan steenstraat 76-2 1074cr amsterdam,,gmb-2026-229118,Besluit onttrekkingsvergunning van woonruimte voor een tweede woning verleend Tweede Jan Steenstraat 76-2 1074CR Amsterdam
verleend,2026-05-15,keizersgracht 77b 1015ce amsterdam,,gmb-2026-228374,Besluit onttrekkingsvergunning van woonruimte voor een tweede woning verleend Keizersgracht 77B 1015CE Amsterdam
verleend,2026-05-15,van noordtstraat 9w 1013sm amsterdam,,gmb-2026-228736,Besluit onttrekkingsvergunning van woonruimte voor een tweede woning verleend Van Noordtstraat 9W 1013SM Amsterdam
verleend,2026-05-15,nicolaas maesstraat 55-2 1071pp amsterdam,,gmb-2026-229779,Besluit onttrekkingsvergunning van woonruimte voor een tweede woning verleend Nicolaas Maesstraat 55-2 1071PP Amsterdam
aanvraag,2026-05-18,oudezijds voorburgwal 107d 1012em amsterdam,,gmb-2026-233241,Aanvraag onttrekkingsvergunning van woonruimte voor een tweede woning Oudezijds Voorburgwal 107D 1012EM Amsterdam
aanvraag,2026-05-18,beukenplein 17-1 1092ba amsterdam,,gmb-2026-230856,Aanvraag onttrekkingsvergunning van woonruimte voor een tweede woning Beukenplein 17-1 1092BA Amsterdam
aanvraag,2026-05-18,prinsengracht 193b 1015ds amsterdam,,gmb-2026-232263,Aanvraag onttrekkingsvergunning van woonruimte voor een tweede woning Prinsengracht 193B 1015DS Amsterdam
aanvraag,2026-05-18,valkenburgerstraat 42e 1011lz amsterdam,,gmb-2026-230719,Aanvraag onttrekkingsvergunning van woonruimte voor een tweede woning Valkenburgerstraat 42E 1011LZ Amsterdam
aanvraag,2026-05-18,prinsengracht 653-2 1016hv amsterdam,,gmb-2026-233244,Aanvraag onttrekkingsvergunning van woonruimte voor een tweede woning Prinsengracht 653-2 1016HV Amsterdam
verleend,2026-05-18,valkenburgerstraat 42e 1011lz amsterdam,,gmb-2026-230862,Besluit onttrekkingsvergunning van woonruimte voor een tweede woning verleend Valkenburgerstraat 42E 1011LZ Amsterdam
verleend,2026-05-18,prinsengracht 653-2 1016hv amsterdam,,gmb-2026-233254,Besluit onttrekkingsvergunning van woonruimte voor een tweede woning verleend Prinsengracht 653-2 1016HV Amsterdam
verleend,2026-05-18,prinsengracht 193b 1015ds amsterdam,,gmb-2026-232403,Besluit onttrekkingsvergunning van woonruimte voor een tweede woning verleend Prinsengracht 193B 1015DS Amsterdam
verleend,2026-05-18,insulindeweg 936 1095dx amsterdam,,gmb-2026-233055,Besluit onttrekkingsvergunning van woonruimte voor een tweede woning verleend Insulindeweg 936 1095DX Amsterdam
geweigerd,2026-05-18,amstelveenseweg 617c 1081jd amsterdam,,gmb-2026-232875,Besluit onttrekkingsvergunning van woonruimte voor een tweede woning geweigerd Amstelveenseweg 617C 1081JD Amsterdam
verleend,2026-05-18,oudezijds voorburgwal 107d 1012em amsterdam,,gmb-2026-233240,Besluit onttrekkingsvergunning van woonruimte voor een tweede woning verleend Oudezijds Voorburgwal 107D 1012EM Amsterdam
aanvraag,2026-05-19,uiterwaardenstraat 284-2 1079da amsterdam,,gmb-2026-234899,Aanvraag onttrekkingsvergunning van woonruimte voor een tweede woning Uiterwaardenstraat 284-2 1079DA Amsterdam
aanvraag,2026-05-19,veerstraat 36-2 1075sw amsterdam,,gmb-2026-234895,Aanvraag onttrekkingsvergunning van woonruimte voor een tweede woning Veerstraat 36-2 1075SW Amsterdam
aanvraag,2026-05-19,jozef israëlskade 15a 1072rt amsterdam,,gmb-2026-234901,Aanvraag onttrekkingsvergunning van woonruimte voor een tweede woning Jozef Israëlskade 15A 1072RT Amsterdam
aanvraag,2026-05-19,emmalaan 8-3 1075av amsterdam,,gmb-2026-234897,Aanvraag onttrekkingsvergunning van woonruimte voor een tweede woning Emmalaan 8-3 1075AV Amsterdam
verleend,2026-05-19,poeldijkstraat 331 1059vl amsterdam,,gmb-2026-234882,Besluit onttrekkingsvergunning van woonruimte voor een tweede woning verleend Poeldijkstraat 331 1059VL Amsterdam
verleend,2026-05-19,hemonystraat 25-1 1074bm amsterdam,,gmb-2026-234458,Besluit onttrekkingsvergunning van woonruimte voor een tweede woning verleend Hemonystraat 25-1 1074BM Amsterdam
aanvraag,2026-05-20,warmoesstraat 10-1 1012jd amsterdam,,gmb-2026-237107,Aanvraag onttrekkingsvergunning van woonruimte voor een tweede woning Warmoesstraat 10-1 1012JD Amsterdam
aanvraag,2026-05-20,kamerlingh onneslaan 66 1097dh amsterdam,,gmb-2026-235372,Aanvraag onttrekkingsvergunning van woonruimte voor een tweede woning Kamerlingh Onneslaan 66 1097DH Amsterdam
aanvraag,2026-05-20,aanvraag onttrekkingsvergunning van woonruimten voor ander gebruik herengracht 69a 1015bd amsterdam,,gmb-2026-235573,Aanvraag onttrekkingsvergunning van woonruimten voor ander gebruik Herengracht 69A 1015BD Amsterdam
aanvraag,2026-05-20,aanvraag onttrekkingsvergunning van woonruimten voor ander gebruik zanddwarsstraat 11 1011hn amsterdam,,gmb-2026-235442,Aanvraag onttrekkingsvergunning van woonruimten voor ander gebruik Zanddwarsstraat 11 1011HN Amsterdam
verleend,2026-05-20,zanddwarsstraat 11 1011hn amsterdam,,gmb-2026-235504,Besluit onttrekkingsvergunning van woonruimte voor een tweede woning verleend Zanddwarsstraat 11 1011HN Amsterdam
verleend,2026-05-20,warmoesstraat 10-1 1012jd amsterdam,,gmb-2026-237374,Besluit onttrekkingsvergunning van woonruimte voor een tweede woning verleend Warmoesstraat 10-1 1012JD Amsterdam
verleend,2026-05-20,herengracht 69a 1015bd amsterdam,,gmb-2026-235651,Besluit onttrekkingsvergunning van woonruimte voor een tweede woning verleend Herengracht 69A 1015BD Amsterdam
aanvraag,2026-05-21,silodam 313 1013aw amsterdam,,gmb-2026-240919,Aanvraag onttrekkingsvergunning van woonruimte voor een tweede woning Silodam 313 1013AW Amsterdam
aanvraag,2026-05-21,korte geuzenstraat 312 1056kv amsterdam,,gmb-2026-240749,Aanvraag onttrekkingsvergunning van woonruimte voor een tweede woning Korte Geuzenstraat 312 1056KV Amsterdam
aanvraag,2026-05-21,h. stolleplantsoen 34c 1022kk amsterdam,,gmb-2026-239610,Aanvraag onttrekkingsvergunning van woonruimte voor een tweede woning H. Stolleplantsoen 34C 1022KK Amsterdam
aanvraag,2026-05-21,utrechtsedwarsstraat 68d 1017wh amsterdam,,gmb-2026-240528,Aanvraag onttrekkingsvergunning van woonruimte voor een tweede woning Utrechtsedwarsstraat 68D 1017WH Amsterdam
aanvraag,2026-05-21,haarlemmerweg 396 1014bl amsterdam,,gmb-2026-240345,Aanvraag onttrekkingsvergunning van woonruimte voor een tweede woning Haarlemmerweg 396 1014BL Amsterdam
aanvraag,2026-05-21,haarlemmerweg 199a-2 1051ld amsterdam,,gmb-2026-240638,Aanvraag onttrekkingsvergunning van woonruimte voor een tweede woning Haarlemmerweg 199A-2 1051LD Amsterdam
verleend,2026-05-21,utrechtsedwarsstraat 68d 1017wh amsterdam,,gmb-2026-240609,Besluit onttrekkingsvergunning van woonruimte voor een tweede woning verleend Utrechtsedwarsstraat 68D 1017WH Amsterdam
verleend,2026-05-21,haarlemmerweg 396 1014bl amsterdam,,gmb-2026-240483,Besluit onttrekkingsvergunning van woonruimte voor een tweede woning verleend Haarlemmerweg 396 1014BL Amsterdam
verleend,2026-05-21,haarlemmerweg 199a-2 1051ld amsterdam,,gmb-2026-240711,Besluit onttrekkingsvergunning van woonruimte voor een tweede woning verleend Haarlemmerweg 199A-2 1051LD Amsterdam
verleend,2026-05-21,silodam 313 1013aw amsterdam,,gmb-2026-240948,Besluit onttrekkingsvergunning van woonruimte voor een tweede woning verleend Silodam 313 1013AW Amsterdam
verleend,2026-05-21,korte geuzenstraat 312 1056kv amsterdam,,gmb-2026-240842,Besluit onttrekkingsvergunning van woonruimte voor een tweede woning verleend Korte Geuzenstraat 312 1056KV Amsterdam
aanvraag,2026-05-22,prinsengracht 303a 1016gx amsterdam,,gmb-2026-242662,Aanvraag onttrekkingsvergunning van woonruimte voor een tweede woning Prinsengracht 303A 1016GX Amsterdam
aanvraag,2026-05-22,geuzenstraat 51-2 1056kb amsterdam,,gmb-2026-243540,Aanvraag onttrekkingsvergunning van woonruimte voor een tweede woning Geuzenstraat 51-2 1056KB Amsterdam
aanvraag,2026-05-22,nieuwe kerkstraat 118b 1018vm amsterdam,,gmb-2026-241426,Aanvraag onttrekkingsvergunning van woonruimte voor een tweede woning Nieuwe Kerkstraat 118B 1018VM Amsterdam
aanvraag,2026-05-22,nieuwe achtergracht 8-2 1018xx amsterdam,,gmb-2026-242405,Aanvraag onttrekkingsvergunning van woonruimte voor een tweede woning Nieuwe Achtergracht 8-2 1018XX Amsterdam
aanvraag,2026-05-22,vondelstraat 69e 1054gk amsterdam,,gmb-2026-242178,Aanvraag onttrekkingsvergunning van woonruimte voor een tweede woning Vondelstraat 69E 1054GK Amsterdam
aanvraag,2026-05-22,oudezijds achterburgwal 10c 1012dm amsterdam,,gmb-2026-242761,Aanvraag onttrekkingsvergunning van woonruimte voor een tweede woning Oudezijds Achterburgwal 10C 1012DM Amsterdam
aanvraag,2026-05-22,maarten harpertszoon trompstraat 34-1 1056jb amsterdam,,gmb-2026-241852,Aanvraag onttrekkingsvergunning van woonruimte voor een tweede woning Maarten Harpertszoon Trompstraat 34-1 1056JB Amsterdam
aanvraag,2026-05-22,singel 58c 1015ab amsterdam,,gmb-2026-243208,Aanvraag onttrekkingsvergunning van woonruimte voor een tweede woning Singel 58C 1015AB Amsterdam
aanvraag,2026-05-22,eerste helmersstraat 237-4 1054dx amsterdam,,gmb-2026-241523,Aanvraag onttrekkingsvergunning van woonruimte voor een tweede woning Eerste Helmersstraat 237-4 1054DX Amsterdam
verleend,2026-05-22,nieuwe kerkstraat 118b 1018vm amsterdam,,gmb-2026-241468,Besluit onttrekkingsvergunning van woonruimte voor een tweede woning verleend Nieuwe Kerkstraat 118B 1018VM Amsterdam
verleend,2026-05-22,geuzenstraat 51-2 1056kb amsterdam,,gmb-2026-243578,Besluit onttrekkingsvergunning van woonruimte voor een tweede woning verleend Geuzenstraat 51-2 1056KB Amsterdam
verleend,2026-05-22,singel 58c 1015ab amsterdam,,gmb-2026-243255,Besluit onttrekkingsvergunning van woonruimte voor een tweede woning verleend Singel 58C 1015AB Amsterdam
verleend,2026-05-22,oudezijds achterburgwal 10c 1012dm amsterdam,,gmb-2026-242834,Besluit onttrekkingsvergunning van woonruimte voor een tweede woning verleend Oudezijds Achterburgwal 10C 1012DM Amsterdam
verleend,2026-05-22,maarten harpertszoon trompstraat 34-1 1056jb amsterdam,,gmb-2026-242037,Besluit onttrekkingsvergunning van woonruimte voor een tweede woning verleend Maarten Harpertszoon Trompstraat 34-1 1056JB Amsterdam
verleend,2026-05-22,nieuwe achtergracht 8-2 1018xx amsterdam,,gmb-2026-242576,Besluit onttrekkingsvergunning van woonruimte voor een tweede woning verleend Nieuwe Achtergracht 8-2 1018XX Amsterdam
verleend,2026-05-22,prinsengracht 303a 1016gx amsterdam,,gmb-2026-242722,Besluit onttrekkingsvergunning van woonruimte voor een tweede woning verleend Prinsengracht 303A 1016GX Amsterdam
verleend,2026-05-22,vondelstraat 69e 1054gk amsterdam,,gmb-2026-242222,Besluit onttrekkingsvergunning van woonruimte voor een tweede woning verleend Vondelstraat 69E 1054GK Amsterdam
verleend,2026-05-22,eerste helmersstraat 237-4 1054dx amsterdam,,gmb-2026-241573,Besluit onttrekkingsvergunning van woonruimte voor een tweede woning verleend Eerste Helmersstraat 237-4 1054DX Amsterdam
aanvraag,2026-05-26,kromme waal 25b 1011bt amsterdam,,gmb-2026-245212,Aanvraag onttrekkingsvergunning van woonruimte voor een tweede woning Kromme Waal 25B 1011BT Amsterdam
aanvraag,2026-05-26,keizersgracht 48a 1015cr amsterdam,,gmb-2026-246280,Aanvraag onttrekkingsvergunning van woonruimte voor een tweede woning Keizersgracht 48A 1015CR Amsterdam
aanvraag,2026-05-26,haparandadam 2b-10 1013ak amsterdam,,gmb-2026-245163,Aanvraag onttrekkingsvergunning van woonruimte voor een tweede woning Haparandadam 2B-10 1013AK Amsterdam
aanvraag,2026-05-26,keizersgracht 10b 1015cn amsterdam,,gmb-2026-245246,Aanvraag onttrekkingsvergunning van woonruimte voor een tweede woning Keizersgracht 10B 1015CN Amsterdam
aanvraag,2026-05-26,keizersgracht 347b 1016eh amsterdam,,gmb-2026-245303,Aanvraag onttrekkingsvergunning van woonruimte voor een tweede woning Keizersgracht 347B 1016EH Amsterdam
aanvraag,2026-05-26,korte prinsengracht 38-2 1013gt amsterdam,,gmb-2026-244908,Aanvraag onttrekkingsvergunning van woonruimte voor een tweede woning Korte Prinsengracht 38-2 1013GT Amsterdam
aanvraag,2026-05-26,jacob van lennepstraat 65-3 1053he amsterdam,,gmb-2026-245298,Aanvraag onttrekkingsvergunning van woonruimte voor een tweede woning Jacob van Lennepstraat 65-3 1053HE Amsterdam
aanvraag,2026-05-26,prinsengracht 656a 1017kw amsterdam,,gmb-2026-246461,Aanvraag onttrekkingsvergunning van woonruimte voor een tweede woning Prinsengracht 656A 1017KW Amsterdam
aanvraag,2026-05-26,kerkstraat 76 1017gn amsterdam,,gmb-2026-246360,Aanvraag onttrekkingsvergunning van woonruimte voor een tweede woning Kerkstraat 76 1017GN Amsterdam
aanvraag,2026-05-26,houtkopersburgwal 21 1011ll amsterdam,,gmb-2026-245699,Aanvraag onttrekkingsvergunning van woonruimte voor een tweede woning Houtkopersburgwal 21 1011LL Amsterdam
aanvraag,2026-05-26,westerkade 11l 1015xd amsterdam,,gmb-2026-246443,Aanvraag onttrekkingsvergunning van woonruimte voor een tweede woning Westerkade 11L 1015XD Amsterdam
aanvraag,2026-05-26,nieuwe achtergracht 12-2 1018xx amsterdam,,gmb-2026-245027,Aanvraag onttrekkingsvergunning van woonruimte voor een tweede woning Nieuwe Achtergracht 12-2 1018XX Amsterdam
aanvraag,2026-05-26,looiersgracht 67 1016wc amsterdam,,gmb-2026-245059,Aanvraag onttrekkingsvergunning van woonruimte voor een tweede woning Looiersgracht 67 1016WC Amsterdam
verleend,2026-05-26,kromme waal 25b 1011bt amsterdam,,gmb-2026-245205,Besluit onttrekkingsvergunning van woonruimte voor een tweede woning verleend Kromme Waal 25B 1011BT Amsterdam
verleend,2026-05-26,houtkopersburgwal 21 1011ll amsterdam,,gmb-2026-245998,Besluit onttrekkingsvergunning van woonruimte voor een tweede woning verleend Houtkopersburgwal 21 1011LL Amsterdam
verleend,2026-05-26,looiersgracht 67 1016wc amsterdam,,gmb-2026-245130,Besluit onttrekkingsvergunning van woonruimte voor een tweede woning verleend Looiersgracht 67 1016WC Amsterdam
verleend,2026-05-26,jacob van lennepstraat 65-3 1053he amsterdam,,gmb-2026-245403,Besluit onttrekkingsvergunning van woonruimte voor een tweede woning verleend Jacob van Lennepstraat 65-3 1053HE Amsterdam
verleend,2026-05-26,haparandadam 2b-10 1013ak amsterdam,,gmb-2026-245258,Besluit onttrekkingsvergunning van woonruimte voor een tweede woning verleend Haparandadam 2B-10 1013AK Amsterdam
verleend,2026-05-26,westerkade 11l 1015xd amsterdam,,gmb-2026-246472,Besluit onttrekkingsvergunning van woonruimte voor een tweede woning verleend Westerkade 11L 1015XD Amsterdam
verleend,2026-05-26,kerkstraat 76 1017gn amsterdam,,gmb-2026-246415,Besluit onttrekkingsvergunning van woonruimte voor een tweede woning verleend Kerkstraat 76 1017GN Amsterdam
verleend,2026-05-26,prinsengracht 656a 1017kw amsterdam,,gmb-2026-246536,Besluit onttrekkingsvergunning van woonruimte voor een tweede woning verleend Prinsengracht 656A 1017KW Amsterdam
verleend,2026-05-26,korte prinsengracht 38-2 1013gt amsterdam,,gmb-2026-245012,Besluit onttrekkingsvergunning van woonruimte voor een tweede woning verleend Korte Prinsengracht 38-2 1013GT Amsterdam
verleend,2026-05-26,nieuwe achtergracht 12-2 1018xx amsterdam,,gmb-2026-245101,Besluit onttrekkingsvergunning van woonruimte voor een tweede woning verleend Nieuwe Achtergracht 12-2 1018XX Amsterdam
verleend,2026-05-26,keizersgracht 347b 1016eh amsterdam,,gmb-2026-245470,Besluit onttrekkingsvergunning van woonruimte voor een tweede woning verleend Keizersgracht 347B 1016EH Amsterdam
verleend,2026-05-26,keizersgracht 48a 1015cr amsterdam,,gmb-2026-246456,Besluit onttrekkingsvergunning van woonruimte voor een tweede woning verleend Keizersgracht 48A 1015CR Amsterdam
aanvraag,2026-05-28,dam 5g 1012js amsterdam,,gmb-2026-250755,Aanvraag onttrekkingsvergunning van woonruimte voor een tweede woning Dam 5G 1012JS Amsterdam
aanvraag,2026-05-28,haparandaweg 866 1013bd amsterdam,,gmb-2026-251297,Aanvraag onttrekkingsvergunning van woonruimte voor een tweede woning Haparandaweg 866 1013BD Amsterdam
aanvraag,2026-05-28,herengracht 354 1016cg amsterdam,,gmb-2026-250914,Aanvraag onttrekkingsvergunning van woonruimte voor een tweede woning Herengracht 354 1016CG Amsterdam
aanvraag,2026-05-28,plantage muidergracht 145-h 1018ts amsterdam,,gmb-2026-250884,Aanvraag onttrekkingsvergunning van woonruimte voor een tweede woning Plantage Muidergracht 145-H 1018TS Amsterdam
aanvraag,2026-05-28,van bossestraat 36-1 1051ka amsterdam,,gmb-2026-251394,Aanvraag onttrekkingsvergunning van woonruimte voor een tweede woning Van Bossestraat 36-1 1051KA Amsterdam
aanvraag,2026-05-28,brouwersgracht 230d 1013he amsterdam,,gmb-2026-250004,Aanvraag onttrekkingsvergunning van woonruimte voor een tweede woning Brouwersgracht 230D 1013HE Amsterdam
aanvraag,2026-05-28,nieuwe kerkstraat 36-1 1018eb amsterdam,,gmb-2026-249798,Aanvraag onttrekkingsvergunning van woonruimte voor een tweede woning Nieuwe Kerkstraat 36-1 1018EB Amsterdam
aanvraag,2026-05-28,sprinklerstraat 75 1019vr amsterdam,,gmb-2026-250697,Aanvraag onttrekkingsvergunning van woonruimte voor een tweede woning Sprinklerstraat 75 1019VR Amsterdam
verleend,2026-05-28,herengracht 354 1016cg amsterdam,,gmb-2026-250989,Besluit onttrekkingsvergunning van woonruimte voor een tweede woning verleend Herengracht 354 1016CG Amsterdam
verleend,2026-05-28,van bossestraat 36-1 1051ka amsterdam,,gmb-2026-251442,Besluit onttrekkingsvergunning van woonruimte voor een tweede woning verleend Van Bossestraat 36-1 1051KA Amsterdam
verleend,2026-05-28,h. stolleplantsoen 34c 1022kk amsterdam,,gmb-2026-250381,Besluit onttrekkingsvergunning van woonruimte voor een tweede woning verleend H. Stolleplantsoen 34C 1022KK Amsterdam
verleend,2026-05-28,dam 5g 1012js amsterdam,,gmb-2026-250858,Besluit onttrekkingsvergunning van woonruimte voor een tweede woning verleend Dam 5G 1012JS Amsterdam
verleend,2026-05-28,haparandaweg 866 1013bd amsterdam,,gmb-2026-251357,Besluit onttrekkingsvergunning van woonruimte voor een tweede woning verleend Haparandaweg 866 1013BD Amsterdam
verleend,2026-05-28,tollensstraat 66c 1053rw amsterdam,,gmb-2026-249245,Besluit onttrekkingsvergunning van woonruimte voor een tweede woning verleend Tollensstraat 66C 1053RW Amsterdam
verleend,2026-05-28,nieuwe kerkstraat 36-1 1018eb amsterdam,,gmb-2026-249892,Besluit onttrekkingsvergunning van woonruimte voor een tweede woning verleend Nieuwe Kerkstraat 36-1 1018EB Amsterdam
verleend,2026-05-28,brouwersgracht 230d 1013he amsterdam,,gmb-2026-250094,Besluit onttrekkingsvergunning van woonruimte voor een tweede woning verleend Brouwersgracht 230D 1013HE Amsterdam
aanvraag,2026-05-29,singel 98b 1015ad amsterdam,,gmb-2026-252137,Aanvraag onttrekkingsvergunning van woonruimte voor een tweede woning Singel 98B 1015AD Amsterdam
aanvraag,2026-05-29,meerluchtlaan 210 1096da amsterdam,,gmb-2026-252980,Aanvraag onttrekkingsvergunning van woonruimte voor een tweede woning Meerluchtlaan 210 1096DA Amsterdam
aanvraag,2026-05-29,plantage doklaan 41 1018cm amsterdam,,gmb-2026-254066,Aanvraag onttrekkingsvergunning van woonruimte voor een tweede woning Plantage Doklaan 41 1018CM Amsterdam
aanvraag,2026-05-29,zeeburgerkade 190 1019hj amsterdam,,gmb-2026-253005,Aanvraag onttrekkingsvergunning van woonruimte voor een tweede woning Zeeburgerkade 190 1019HJ Amsterdam
aanvraag,2026-05-29,derde leliedwarsstraat 38 1015te amsterdam,,gmb-2026-252553,Aanvraag onttrekkingsvergunning van woonruimte voor een tweede woning Derde Leliedwarsstraat 38 1015TE Amsterdam
verleend,2026-05-29,plantage doklaan 41 1018cm amsterdam,,gmb-2026-254114,Besluit onttrekkingsvergunning van woonruimte voor een tweede woning verleend Plantage Doklaan 41 1018CM Amsterdam
verleend,2026-05-29,singel 98b 1015ad amsterdam,,gmb-2026-252182,Besluit onttrekkingsvergunning van woonruimte voor een tweede woning verleend Singel 98B 1015AD Amsterdam
verleend,2026-05-29,keizersgracht 263a 1016ec amsterdam,,gmb-2026-252347,Besluit onttrekkingsvergunning van woonruimte voor een tweede woning verleend Keizersgracht 263A 1016EC Amsterdam
verleend,2026-05-29,derde leliedwarsstraat 38 1015te amsterdam,,gmb-2026-252616,Besluit onttrekkingsvergunning van woonruimte voor een tweede woning verleend Derde Leliedwarsstraat 38 1015TE Amsterdam
aanvraag,2026-06-02,singel 324g 1016ae amsterdam,,gmb-2026-258741,Aanvraag onttrekkingsvergunning van woonruimte voor een tweede woning Singel 324G 1016AE Amsterdam
verleend,2026-06-02,singel 324g 1016ae amsterdam,,gmb-2026-258839,Besluit onttrekkingsvergunning van woonruimte voor een tweede woning verleend Singel 324G 1016AE Amsterdam
aanvraag,2026-06-03,sassenheimstraat 15-1 1059ba amsterdam,,gmb-2026-261056,Aanvraag onttrekkingsvergunning van woonruimte voor een tweede woning Sassenheimstraat 15-1 1059BA Amsterdam
aanvraag,2026-06-03,prinsengracht 474b 1017kg amsterdam,,gmb-2026-261709,Aanvraag onttrekkingsvergunning van woonruimte voor een tweede woning Prinsengracht 474B 1017KG Amsterdam
aanvraag,2026-06-03,rustenburgerstraat 140d 1073gj amsterdam,,gmb-2026-261159,Aanvraag onttrekkingsvergunning van woonruimte voor een tweede woning Rustenburgerstraat 140D 1073GJ Amsterdam
aanvraag,2026-06-03,vossiusstraat 70 1071ak amsterdam,,gmb-2026-261235,Aanvraag onttrekkingsvergunning van woonruimte voor een tweede woning Vossiusstraat 70 1071AK Amsterdam
aanvraag,2026-06-03,ridderspoorweg 196 1032ll amsterdam,,gmb-2026-261438,Aanvraag onttrekkingsvergunning van woonruimte voor een tweede woning Ridderspoorweg 196 1032LL Amsterdam
aanvraag,2026-06-03,george gershwinlaan 83c 1082mt amsterdam,,gmb-2026-261140,Aanvraag onttrekkingsvergunning van woonruimte voor een tweede woning George Gershwinlaan 83C 1082MT Amsterdam
aanvraag,2026-06-03,elandsgracht 16 1016tw amsterdam,,gmb-2026-261711,Aanvraag onttrekkingsvergunning van woonruimte voor een tweede woning Elandsgracht 16 1016TW Amsterdam
aanvraag,2026-06-03,amazonenstraat 46-1 1076ll amsterdam,,gmb-2026-261217,Aanvraag onttrekkingsvergunning van woonruimte voor een tweede woning Amazonenstraat 46-1 1076LL Amsterdam
aanvraag,2026-06-03,amstel 137a 1018en amsterdam,,gmb-2026-261706,Aanvraag onttrekkingsvergunning van woonruimte voor een tweede woning Amstel 137A 1018EN Amsterdam
aanvraag,2026-06-03,olympiaweg 72-2 1076xd amsterdam,,gmb-2026-261180,Aanvraag onttrekkingsvergunning van woonruimte voor een tweede woning Olympiaweg 72-2 1076XD Amsterdam
aanvraag,2026-06-03,willemsparkweg 71-1 1071gs amsterdam,,gmb-2026-261092,Aanvraag onttrekkingsvergunning van woonruimte voor een tweede woning Willemsparkweg 71-1 1071GS Amsterdam
aanvraag,2026-06-03,apollolaan 191-h 1077aw amsterdam,,gmb-2026-261074,Aanvraag onttrekkingsvergunning van woonruimte voor een tweede woning Apollolaan 191-H 1077AW Amsterdam
verleend,2026-06-03,ridderspoorweg 196 1032ll amsterdam,,gmb-2026-261495,Besluit onttrekkingsvergunning van woonruimte voor een tweede woning verleend Ridderspoorweg 196 1032LL Amsterdam
verleend,2026-06-03,weesperzijde 1068 1091el amsterdam,,gmb-2026-261477,Besluit onttrekkingsvergunning van woonruimte voor een tweede woning verleend Weesperzijde 1068 1091EL Amsterdam
aanvraag,2026-06-04,zeeburgerkade 190 1019hj amsterdam,,gmb-2026-263203,Aanvraag onttrekkingsvergunning van woonruimte voor een tweede woning Zeeburgerkade 190 1019HJ Amsterdam
aanvraag,2026-06-04,silodam 422 1013aw amsterdam,,gmb-2026-262409,Aanvraag onttrekkingsvergunning van woonruimte voor een tweede woning Silodam 422 1013AW Amsterdam
aanvraag,2026-06-04,sprinklerstraat 75 1019vr amsterdam,,gmb-2026-262976,Aanvraag onttrekkingsvergunning van woonruimte voor een tweede woning Sprinklerstraat 75 1019VR Amsterdam
aanvraag,2026-06-04,curaçaostraat 83-1 1058br amsterdam,,gmb-2026-262173,Aanvraag onttrekkingsvergunning van woonruimte voor een tweede woning Curaçaostraat 83-1 1058BR Amsterdam
verleend,2026-06-04,veembroederhof 168 1019hc amsterdam,,gmb-2026-262485,Besluit onttrekkingsvergunning van woonruimte voor een tweede woning verleend Veembroederhof 168 1019HC Amsterdam
verleend,2026-06-04,curaçaostraat 83-1 1058br amsterdam,,gmb-2026-262238,Besluit onttrekkingsvergunning van woonruimte voor een tweede woning verleend Curaçaostraat 83-1 1058BR Amsterdam
verleend,2026-06-04,ruyschstraat 17-1 1091br amsterdam,,gmb-2026-262677,Besluit onttrekkingsvergunning van woonruimte voor een tweede woning verleend Ruyschstraat 17-1 1091BR Amsterdam
verleend,2026-06-04,zeeburgerkade 190 1019hj amsterdam,,gmb-2026-263251,Besluit onttrekkingsvergunning van woonruimte voor een tweede woning verleend Zeeburgerkade 190 1019HJ Amsterdam
verleend,2026-06-04,eerste jan steenstraat 96-1 1072np amsterdam,,gmb-2026-263454,Besluit onttrekkingsvergunning van woonruimte voor een tweede woning verleend Eerste Jan Steenstraat 96-1 1072NP Amsterdam
verleend,2026-06-04,silodam 422 1013aw amsterdam,,gmb-2026-262513,Besluit onttrekkingsvergunning van woonruimte voor een tweede woning verleend Silodam 422 1013AW Amsterdam
verleend,2026-06-04,sprinklerstraat 75 1019vr amsterdam,,gmb-2026-263049,Besluit onttrekkingsvergunning van woonruimte voor een tweede woning verleend Sprinklerstraat 75 1019VR Amsterdam
verleend,2026-06-04,beukenplein 17-1 1092ba amsterdam,,gmb-2026-262585,Besluit onttrekkingsvergunning van woonruimte voor een tweede woning verleend Beukenplein 17-1 1092BA Amsterdam
aanvraag,2026-06-05,de klencke 99b 1083hh amsterdam,,gmb-2026-267189,Aanvraag onttrekkingsvergunning van woonruimte voor een tweede woning De Klencke 99B 1083HH Amsterdam
aanvraag,2026-06-05,joh.m. coenenstraat 58 1071wh amsterdam,,gmb-2026-267148,Aanvraag onttrekkingsvergunning van woonruimte voor een tweede woning Joh.M. Coenenstraat 58 1071WH Amsterdam
aanvraag,2026-06-05,oostenburgervoorstraat 226 1018mr amsterdam,,gmb-2026-267505,Aanvraag onttrekkingsvergunning van woonruimte voor een tweede woning Oostenburgervoorstraat 226 1018MR Amsterdam
aanvraag,2026-06-05,emmalaan 8-2 1075av amsterdam,,gmb-2026-267201,Aanvraag onttrekkingsvergunning van woonruimte voor een tweede woning Emmalaan 8-2 1075AV Amsterdam
verleend,2026-06-05,frans halsstraat 57c 1072bm amsterdam,,gmb-2026-267065,Besluit onttrekkingsvergunning van woonruimte voor een tweede woning verleend Frans Halsstraat 57C 1072BM Amsterdam
verleend,2026-06-05,karel du jardinstraat 51n 1073tb amsterdam,,gmb-2026-266720,Besluit onttrekkingsvergunning van woonruimte voor een tweede woning verleend Karel du Jardinstraat 51N 1073TB Amsterdam
aanvraag,2026-06-08,weesperzijde 90-1 1091ek amsterdam,,gmb-2026-270428,Aanvraag onttrekkingsvergunning van woonruimte voor een tweede woning Weesperzijde 90-1 1091EK Amsterdam
aanvraag,2026-06-08,purperhoedenveem 38 1019hm amsterdam,,gmb-2026-270290,Aanvraag onttrekkingsvergunning van woonruimte voor een tweede woning Purperhoedenveem 38 1019HM Amsterdam
verleend,2026-06-08,dintelstraat 72 1078vv amsterdam,,gmb-2026-270051,Besluit onttrekkingsvergunning van woonruimte voor een tweede woning verleend Dintelstraat 72 1078VV Amsterdam
verleend,2026-06-08,donarstraat 5-1 1076ca amsterdam,,gmb-2026-270476,Besluit onttrekkingsvergunning van woonruimte voor een tweede woning verleend Donarstraat 5-1 1076CA Amsterdam
verleend,2026-06-08,purperhoedenveem 38 1019hm amsterdam,,gmb-2026-270351,Besluit onttrekkingsvergunning van woonruimte voor een tweede woning verleend Purperhoedenveem 38 1019HM Amsterdam
verleend,2026-06-08,carolina macgillavrylaan 544 1098xb amsterdam,,gmb-2026-270028,Besluit onttrekkingsvergunning van woonruimte voor een tweede woning verleend Carolina MacGillavrylaan 544 1098XB Amsterdam
verleend,2026-06-08,weesperzijde 90-1 1091ek amsterdam,,gmb-2026-270461,Besluit onttrekkingsvergunning van woonruimte voor een tweede woning verleend Weesperzijde 90-1 1091EK Amsterdam
verleend,2026-06-09,prinsengracht 474b 1017kg amsterdam,,gmb-2026-272491,Besluit onttrekkingsvergunning van woonruimte voor een tweede woning verleend Prinsengracht 474B 1017KG Amsterdam
verleend,2026-06-09,amstel 137a 1018en amsterdam,,gmb-2026-272350,Besluit onttrekkingsvergunning van woonruimte voor een tweede woning verleend Amstel 137A 1018EN Amsterdam
verleend,2026-06-09,oostenburgervoorstraat 226 1018mr amsterdam,,gmb-2026-272503,Besluit onttrekkingsvergunning van woonruimte voor een tweede woning verleend Oostenburgervoorstraat 226 1018MR Amsterdam
aanvraag,2026-06-10,fort heemstedestraat 7a 1384aw weesp,,gmb-2026-275335,Aanvraag onttrekkingsvergunning van woonruimte voor een tweede woning Fort Heemstedestraat 7a 1384AW Weesp
aanvraag,2026-06-10,meerluchtlaan 210 1096da amsterdam,,gmb-2026-273568,Aanvraag onttrekkingsvergunning van woonruimte voor een tweede woning Meerluchtlaan 210 1096DA Amsterdam
aanvraag,2026-06-10,oosterpark 13c 1092ae amsterdam,,gmb-2026-275114,Aanvraag onttrekkingsvergunning van woonruimte voor een tweede woning Oosterpark 13C 1092AE Amsterdam
aanvraag,2026-06-10,bijlmerdreef 244 1102ab amsterdam,,gmb-2026-275318,Aanvraag onttrekkingsvergunning van woonruimte voor een tweede woning Bijlmerdreef 244 1102AB Amsterdam
aanvraag,2026-06-10,deurloostraat 116-1 1078jk amsterdam,,gmb-2026-275376,Aanvraag onttrekkingsvergunning van woonruimte voor een tweede woning Deurloostraat 116-1 1078JK Amsterdam
besluit_overig,2026-06-10,bijlmerdreef 244 1102ab amsterdam,,gmb-2026-275326,Besluit onttrekkingsvergunning van woonruimte voor een tweede woning Bijlmerdreef 244 1102AB Amsterdam
verleend,2026-06-10,emmalaan 8-3 1075av amsterdam,,gmb-2026-274589,Besluit onttrekkingsvergunning van woonruimte voor een tweede woning verleend Emmalaan 8-3 1075AV Amsterdam
verleend,2026-06-10,uiterwaardenstraat 284-2 1079da amsterdam,,gmb-2026-274868,Besluit onttrekkingsvergunning van woonruimte voor een tweede woning verleend Uiterwaardenstraat 284-2 1079DA Amsterdam
verleend,2026-06-10,jozef israëlskade 15a 1072rt amsterdam,,gmb-2026-275175,Besluit onttrekkingsvergunning van woonruimte voor een tweede woning verleend Jozef Israëlskade 15A 1072RT Amsterdam
verleend,2026-06-10,fort heemstedestraat 7a 1384aw weesp,,gmb-2026-275397,Besluit onttrekkingsvergunning van woonruimte voor een tweede woning verleend Fort Heemstedestraat 7a 1384AW Weesp
verleend,2026-06-10,meerluchtlaan 210 1096da amsterdam,,gmb-2026-273661,Besluit onttrekkingsvergunning van woonruimte voor een tweede woning verleend Meerluchtlaan 210 1096DA Amsterdam
verleend,2026-06-10,oosterpark 13c 1092ae amsterdam,,gmb-2026-275189,Besluit onttrekkingsvergunning van woonruimte voor een tweede woning verleend Oosterpark 13C 1092AE Amsterdam
verleend,2026-06-10,bloemstraat 31a 1016kv amsterdam,,gmb-2026-273137,Besluit onttrekkingsvergunning van woonruimte voor een tweede woning verleend Bloemstraat 31A 1016KV Amsterdam
verleend,2026-06-10,veerstraat 36-2 1075sw amsterdam,,gmb-2026-274510,Besluit onttrekkingsvergunning van woonruimte voor een tweede woning verleend Veerstraat 36-2 1075SW Amsterdam
verleend,2026-06-10,lomanstraat 112c 1075rh amsterdam,,gmb-2026-273609,Besluit onttrekkingsvergunning van woonruimte voor een tweede woning verleend Lomanstraat 112C 1075RH Amsterdam
aanvraag,2026-06-11,kinderdijkstraat 84-1 1079gp amsterdam,,gmb-2026-275847,Aanvraag onttrekkingsvergunning van woonruimte voor een tweede woning Kinderdijkstraat 84-1 1079GP Amsterdam
aanvraag,2026-06-11,veembroederhof 149 1019hd amsterdam,,gmb-2026-276002,Aanvraag onttrekkingsvergunning van woonruimte voor een tweede woning Veembroederhof 149 1019HD Amsterdam
aanvraag,2026-06-11,herengracht 625a 1017ce amsterdam,,gmb-2026-277827,Aanvraag onttrekkingsvergunning van woonruimte voor een tweede woning Herengracht 625A 1017CE Amsterdam
aanvraag,2026-06-11,ms. van riemsdijkweg 286 1033rd amsterdam,,gmb-2026-277808,Aanvraag onttrekkingsvergunning van woonruimte voor een tweede woning ms. van Riemsdijkweg 286 1033RD Amsterdam
aanvraag,2026-06-11,welnastraat 653 1096gj amsterdam,,gmb-2026-277816,Aanvraag onttrekkingsvergunning van woonruimte voor een tweede woning Welnastraat 653 1096GJ Amsterdam
verleend,2026-06-11,sassenheimstraat 15-1 1059ba amsterdam,,gmb-2026-277215,Besluit onttrekkingsvergunning van woonruimte voor een tweede woning verleend Sassenheimstraat 15-1 1059BA Amsterdam
verleend,2026-06-11,apollolaan 191-h 1077aw amsterdam,,gmb-2026-277401,Besluit onttrekkingsvergunning van woonruimte voor een tweede woning verleend Apollolaan 191-H 1077AW Amsterdam
verleend,2026-06-11,george gershwinlaan 83c 1082mt amsterdam,,gmb-2026-278216,Besluit onttrekkingsvergunning van woonruimte voor een tweede woning verleend George Gershwinlaan 83C 1082MT Amsterdam
verleend,2026-06-11,elandsgracht 16 1016tw amsterdam,,gmb-2026-278249,Besluit onttrekkingsvergunning van woonruimte voor een tweede woning verleend Elandsgracht 16 1016TW Amsterdam
verleend,2026-06-11,veembroederhof 149 1019hd amsterdam,,gmb-2026-276095,Besluit onttrekkingsvergunning van woonruimte voor een tweede woning verleend Veembroederhof 149 1019HD Amsterdam
verleend,2026-06-11,kinderdijkstraat 84-1 1079gp amsterdam,,gmb-2026-275902,Besluit onttrekkingsvergunning van woonruimte voor een tweede woning verleend Kinderdijkstraat 84-1 1079GP Amsterdam
aanvraag,2026-06-15,brouwersgracht 187-1 1015gj amsterdam,,gmb-2026-283198,Aanvraag onttrekkingsvergunning van woonruimte voor een tweede woning Brouwersgracht 187-1 1015GJ Amsterdam
aanvraag,2026-06-15,wittgensteinlaan 215 1062ke amsterdam,,gmb-2026-283023,Aanvraag onttrekkingsvergunning van woonruimte voor een tweede woning Wittgensteinlaan 215 1062KE Amsterdam
aanvraag,2026-06-15,sarphatipark 121b 1073cx amsterdam,,gmb-2026-282066,Aanvraag onttrekkingsvergunning van woonruimte voor een tweede woning Sarphatipark 121B 1073CX Amsterdam
verleend,2026-06-15,rustenburgerstraat 140d 1073gj amsterdam,,gmb-2026-283306,Besluit onttrekkingsvergunning van woonruimte voor een tweede woning verleend Rustenburgerstraat 140D 1073GJ Amsterdam
verleend,2026-06-15,olympiaweg 72-2 1076xd amsterdam,,gmb-2026-283763,Besluit onttrekkingsvergunning van woonruimte voor een tweede woning verleend Olympiaweg 72-2 1076XD Amsterdam
verleend,2026-06-15,wittgensteinlaan 215 1062ke amsterdam,,gmb-2026-283143,Besluit onttrekkingsvergunning van woonruimte voor een tweede woning verleend Wittgensteinlaan 215 1062KE Amsterdam
verleend,2026-06-15,brouwersgracht 187-1 1015gj amsterdam,,gmb-2026-283317,Besluit onttrekkingsvergunning van woonruimte voor een tweede woning verleend Brouwersgracht 187-1 1015GJ Amsterdam
aanvraag,2026-06-17,prinsengracht 1079e 1017jh amsterdam,,gmb-2026-288209,Aanvraag onttrekkingsvergunning van woonruimte voor een tweede woning Prinsengracht 1079E 1017JH Amsterdam
aanvraag,2026-06-17,keizersgracht 20b 1015cp amsterdam,,gmb-2026-286932,Aanvraag onttrekkingsvergunning van woonruimte voor een tweede woning Keizersgracht 20B 1015CP Amsterdam
aanvraag,2026-06-17,aanvraag onttrekkingsvergunning van woonruimten voor ander gebruik rijnsburgstraat 84-1 1059az amsterdam,,gmb-2026-287912,Aanvraag onttrekkingsvergunning van woonruimten voor ander gebruik Rijnsburgstraat 84-1 1059AZ Amsterdam
verleend,2026-06-17,amazonenstraat 46-1 1076ll amsterdam,,gmb-2026-288111,Besluit onttrekkingsvergunning van woonruimte voor een tweede woning verleend Amazonenstraat 46-1 1076LL Amsterdam
verleend,2026-06-17,kamerlingh onneslaan 66 1097dh amsterdam,,gmb-2026-286707,Besluit onttrekkingsvergunning van woonruimte voor een tweede woning verleend Kamerlingh Onneslaan 66 1097DH Amsterdam
verleend,2026-06-17,keizersgracht 20b 1015cp amsterdam,,gmb-2026-287009,Besluit onttrekkingsvergunning van woonruimte voor een tweede woning verleend Keizersgracht 20B 1015CP Amsterdam
verleend,2026-06-17,vossiusstraat 70 1071ak amsterdam,,gmb-2026-288667,Besluit onttrekkingsvergunning van woonruimte voor een tweede woning verleend Vossiusstraat 70 1071AK Amsterdam
verleend,2026-06-17,rijnsburgstraat 84-1 1059az amsterdam,,gmb-2026-288059,Besluit onttrekkingsvergunning van woonruimte voor een tweede woning verleend Rijnsburgstraat 84-1 1059AZ Amsterdam
aanvraag,2026-06-18,orteliusstraat 235b 1056nr amsterdam,,gmb-2026-289587,Aanvraag onttrekkingsvergunning van woonruimte voor een tweede woning Orteliusstraat 235B 1056NR Amsterdam
aanvraag,2026-06-18,spuistraat 316-3 1012vx amsterdam,,gmb-2026-289835,Aanvraag onttrekkingsvergunning van woonruimte voor een tweede woning Spuistraat 316-3 1012VX Amsterdam
verleend,2026-06-18,orteliusstraat 235b 1056nr amsterdam,,gmb-2026-289686,Besluit onttrekkingsvergunning van woonruimte voor een tweede woning verleend Orteliusstraat 235B 1056NR Amsterdam
verleend,2026-06-18,spuistraat 316-3 1012vx amsterdam,,gmb-2026-289898,Besluit onttrekkingsvergunning van woonruimte voor een tweede woning verleend Spuistraat 316-3 1012VX Amsterdam
verleend,2026-06-18,prinsengracht 1079e 1017jh amsterdam,,gmb-2026-289342,Besluit onttrekkingsvergunning van woonruimte voor een tweede woning verleend Prinsengracht 1079E 1017JH Amsterdam
verleend,2026-06-19,de klencke 99b 1083hh amsterdam,,gmb-2026-294393,Besluit onttrekkingsvergunning van woonruimte voor een tweede woning verleend De Klencke 99B 1083HH Amsterdam
verleend,2026-06-19,joh.m. coenenstraat 58 1071wh amsterdam,,gmb-2026-294105,Besluit onttrekkingsvergunning van woonruimte voor een tweede woning verleend Joh.M. Coenenstraat 58 1071WH Amsterdam
verleend,2026-06-22,emmalaan 8-2 1075av amsterdam,,gmb-2026-297189,Besluit onttrekkingsvergunning van woonruimte voor een tweede woning verleend Emmalaan 8-2 1075AV Amsterdam
verleend,2026-06-24,bankastraat 49-h 1094ec amsterdam,,gmb-2026-299918,Besluit onttrekkingsvergunning van woonruimte voor een tweede woning verleend Bankastraat 49-H 1094EC Amsterdam
verleend,2026-06-24,oostelijke handelskade 1171 1019dn amsterdam,Z2026-020379,gmb-2026-300176,Besluit onttrekkingsvergunning van woonruimte voor een tweede woning verleend Oostelijke Handelskade 1171 1019DN Amsterdam
verleend,2026-06-26,deurloostraat 116-1 1078jk amsterdam,,gmb-2026-306324,Besluit onttrekkingsvergunning van woonruimte voor een tweede woning verleend Deurloostraat 116-1 1078JK Amsterdam
verleend,2026-06-26,willemsparkweg 71-1 1071gs amsterdam,,gmb-2026-306317,Besluit onttrekkingsvergunning van woonruimte voor een tweede woning verleend Willemsparkweg 71-1 1071GS Amsterdam
